"시점",전월비 (%),전월비 (%),전월비 (%),전월비 (%),전년동월비(%),전년동월비(%),전년동월비(%),전년동월비(%),전년누계비(%),전년누계비(%),전년누계비(%),전년누계비(%)
"시점",생활물가지수,신선식품지수,식료품및에너지제외지수,농산물및석유류제외지수,생활물가지수,신선식품지수,식료품및에너지제외지수,농산물및석유류제외지수,생활물가지수,신선식품지수,식료품및에너지제외지수,농산물및석유류제외지수
"1975.02",-,-,-,1.5,-,-,-,-,-,-,-,-
"1975.03",-,-,-,1.9,-,-,-,-,-,-,-,-
"1975.04",-,-,-,3.6,-,-,-,-,-,-,-,-
"1975.05",-,-,-,3.1,-,-,-,-,-,-,-,-
"1975.06",-,-,-,1.3,-,-,-,-,-,-,-,-
"1975.07",-,-,-,2.2,-,-,-,-,-,-,-,-
"1975.08",-,-,-,0.9,-,-,-,-,-,-,-,-
"1975.09",-,-,-,2.4,-,-,-,-,-,-,-,-
"1975.10",-,-,-,1.2,-,-,-,-,-,-,-,-
"1975.11",-,-,-,0.2,-,-,-,-,-,-,-,-
"1975.12",-,-,-,1.3,-,-,-,-,-,-,-,-
"1976.01",-,-,-,0.6,-,-,-,22.3,-,-,-,22.3
"1976.02",-,-,-,0.9,-,-,-,21.6,-,-,-,21.9
"1976.03",-,-,-,1.8,-,-,-,21.5,-,-,-,21.8
"1976.04",-,-,-,0.9,-,-,-,18.4,-,-,-,20.9
"1976.05",-,-,-,0.7,-,-,-,15.5,-,-,-,19.8
"1976.06",-,-,-,1.8,-,-,-,16.1,-,-,-,19.1
"1976.07",-,-,-,1.3,-,-,-,15.1,-,-,-,18.5
"1976.08",-,-,-,0.9,-,-,-,15.0,-,-,-,18.1
"1976.09",-,-,-,0.4,-,-,-,12.8,-,-,-,17.4
"1976.10",-,-,-,-0.5,-,-,-,10.8,-,-,-,16.7
"1976.11",-,-,-,0.7,-,-,-,11.3,-,-,-,16.2
"1976.12",-,-,-,0.3,-,-,-,10.3,-,-,-,15.6
"1977.01",-,-,-,0.3,-,-,-,9.9,-,-,-,9.9
"1977.02",-,-,-,2.0,-,-,-,11.1,-,-,-,10.5
"1977.03",-,-,-,1.7,-,-,-,10.9,-,-,-,10.6
"1977.04",-,-,-,0.5,-,-,-,10.4,-,-,-,10.6
"1977.05",-,-,-,1.2,-,-,-,11.0,-,-,-,10.7
"1977.06",-,-,-,0.8,-,-,-,9.9,-,-,-,10.5
"1977.07",-,-,-,0.5,-,-,-,8.9,-,-,-,10.3
"1977.08",-,-,-,0.2,-,-,-,8.2,-,-,-,10.0
"1977.09",-,-,-,0.3,-,-,-,8.1,-,-,-,9.8
"1977.10",-,-,-,-0.2,-,-,-,8.5,-,-,-,9.7
"1977.11",-,-,-,0.7,-,-,-,8.5,-,-,-,9.5
"1977.12",-,-,-,0.7,-,-,-,8.9,-,-,-,9.5
"1978.01",-,-,-,2.7,-,-,-,11.4,-,-,-,11.4
"1978.02",-,-,-,2.1,-,-,-,11.5,-,-,-,11.5
"1978.03",-,-,-,1.5,-,-,-,11.3,-,-,-,11.4
"1978.04",-,-,-,0.0,-,-,-,10.8,-,-,-,11.3
"1978.05",-,-,-,0.7,-,-,-,10.3,-,-,-,11.1
"1978.06",-,-,-,1.7,-,-,-,11.3,-,-,-,11.1
"1978.07",-,-,-,1.2,-,-,-,12.1,-,-,-,11.2
"1978.08",-,-,-,0.1,-,-,-,11.9,-,-,-,11.3
"1978.09",-,-,-,0.5,-,-,-,12.1,-,-,-,11.4
"1978.10",-,-,-,0.6,-,-,-,13.0,-,-,-,11.6
"1978.11",-,-,-,0.9,-,-,-,13.2,-,-,-,11.7
"1978.12",-,-,-,0.8,-,-,-,13.3,-,-,-,11.9
"1979.01",-,-,-,0.9,-,-,-,11.3,-,-,-,11.3
"1979.02",-,-,-,3.8,-,-,-,13.2,-,-,-,12.3
"1979.03",-,-,-,2.2,-,-,-,14.0,-,-,-,12.9
"1979.04",-,-,-,3.0,-,-,-,17.4,-,-,-,14.0
"1979.05",-,-,-,3.4,-,-,-,20.6,-,-,-,15.4
"1979.06",-,-,-,1.9,-,-,-,20.8,-,-,-,16.3
"1979.07",-,-,-,1.0,-,-,-,20.6,-,-,-,16.9
"1979.08",-,-,-,0.6,-,-,-,21.2,-,-,-,17.5
"1979.09",-,-,-,1.6,-,-,-,22.5,-,-,-,18.1
"1979.10",-,-,-,1.1,-,-,-,23.2,-,-,-,18.6
"1979.11",-,-,-,1.2,-,-,-,23.6,-,-,-,19.1
"1979.12",-,-,-,1.6,-,-,-,24.6,-,-,-,19.5
"1980.01",-,-,-,4.3,-,-,-,28.8,-,-,-,28.8
"1980.02",-,-,-,3.4,-,-,-,28.4,-,-,-,28.6
"1980.03",-,-,-,3.6,-,-,-,30.2,-,-,-,29.1
"1980.04",-,-,-,1.0,-,-,-,27.6,-,-,-,28.7
"1980.05",-,-,-,2.4,-,-,-,26.4,-,-,-,28.2
"1980.06",-,-,-,1.7,-,-,-,26.2,-,-,-,27.9
"1980.07",-,-,-,1.1,-,-,-,26.3,-,-,-,27.6
"1980.08",-,-,-,1.6,-,-,-,27.6,-,-,-,27.6
"1980.09",-,-,-,1.9,-,-,-,28.0,-,-,-,27.7
"1980.10",-,-,-,2.5,-,-,-,29.7,-,-,-,27.9
"1980.11",-,-,-,1.2,-,-,-,29.6,-,-,-,28.1
"1980.12",-,-,-,2.3,-,-,-,30.5,-,-,-,28.3
"1981.01",-,-,-,1.2,-,-,-,26.5,-,-,-,26.5
"1981.02",-,-,-,0.6,-,-,-,23.2,-,-,-,24.8
"1981.03",-,-,-,2.0,-,-,-,21.2,-,-,-,23.6
"1981.04",-,-,-,1.3,-,-,-,21.5,-,-,-,23.1
"1981.05",-,-,-,2.3,-,-,-,21.4,-,-,-,22.7
"1981.06",-,-,-,2.9,-,-,-,22.8,-,-,-,22.7
"1981.07",-,-,-,1.0,-,-,-,22.7,-,-,-,22.7
"1981.08",-,-,-,1.0,-,-,-,22.0,-,-,-,22.6
"1981.09",-,-,-,1.0,-,-,-,20.9,-,-,-,22.4
"1981.10",-,-,-,-0.2,-,-,-,17.7,-,-,-,21.9
"1981.11",-,-,-,-0.3,-,-,-,16.0,-,-,-,21.3
"1981.12",-,-,-,0.6,-,-,-,14.0,-,-,-,20.6
"1982.01",-,-,-,0.6,-,-,-,13.3,-,-,-,13.3
"1982.02",-,-,-,0.4,-,-,-,13.1,-,-,-,13.2
"1982.03",-,-,-,1.2,-,-,-,12.2,-,-,-,12.9
"1982.04",-,-,-,0.3,-,-,-,11.1,-,-,-,12.4
"1982.05",-,-,-,1.1,-,-,-,9.9,-,-,-,11.9
"1982.06",-,-,-,1.3,-,-,-,8.2,-,-,-,11.2
"1982.07",-,-,-,0.2,-,-,-,7.3,-,-,-,10.6
"1982.08",-,-,-,0.0,-,-,-,6.3,-,-,-,10.1
"1982.09",-,-,-,0.4,-,-,-,5.7,-,-,-,9.6
"1982.10",-,-,-,-0.1,-,-,-,5.8,-,-,-,9.2
"1982.11",-,-,-,0.0,-,-,-,6.1,-,-,-,8.9
"1982.12",-,-,-,0.9,-,-,-,6.4,-,-,-,8.7
"1983.01",-,-,-,0.6,-,-,-,6.4,-,-,-,6.4
"1983.02",-,-,-,0.5,-,-,-,6.5,-,-,-,6.5
"1983.03",-,-,-,0.3,-,-,-,5.6,-,-,-,6.2
"1983.04",-,-,-,-0.2,-,-,-,5.1,-,-,-,5.9
"1983.05",-,-,-,0.3,-,-,-,4.2,-,-,-,5.6
"1983.06",-,-,-,0.3,-,-,-,3.2,-,-,-,5.2
"1983.07",-,-,-,0.3,-,-,-,3.3,-,-,-,4.9
"1983.08",-,-,-,-0.1,-,-,-,3.1,-,-,-,4.6
"1983.09",-,-,-,0.4,-,-,-,3.1,-,-,-,4.5
"1983.10",-,-,-,0.1,-,-,-,3.4,-,-,-,4.4
"1983.11",-,-,-,-0.2,-,-,-,3.2,-,-,-,4.3
"1983.12",-,-,-,0.1,-,-,-,2.4,-,-,-,4.1
"1984.01",-,-,-,0.2,-,-,-,2.0,-,-,-,2.0
"1984.02",-,-,-,0.5,-,-,-,2.0,-,-,-,2.0
"1984.03",-,-,-,0.5,-,-,-,2.2,-,-,-,2.0
"1984.04",-,-,-,0.4,-,-,-,2.8,-,-,-,2.2
"1984.05",-,-,-,0.0,-,-,-,2.4,-,-,-,2.3
"1984.06",-,-,-,-0.1,-,-,-,2.0,-,-,-,2.2
"1984.07",-,-,-,0.2,-,-,-,1.9,-,-,-,2.2
"1984.08",-,-,-,0.2,-,-,-,2.2,-,-,-,2.2
"1984.09",-,-,-,0.6,-,-,-,2.4,-,-,-,2.2
"1984.10",-,-,-,-0.6,-,-,-,1.8,-,-,-,2.2
"1984.11",-,-,-,-0.1,-,-,-,1.9,-,-,-,2.1
"1984.12",-,-,-,0.0,-,-,-,1.7,-,-,-,2.1
"1985.01",-,-,-,0.2,-,-,-,1.8,-,-,-,1.8
"1985.02",-,-,-,0.6,-,-,-,1.9,-,-,-,1.9
"1985.03",-,-,-,0.0,-,-,-,1.5,-,-,-,1.8
"1985.04",-,-,-,0.2,-,-,-,1.3,-,-,-,1.6
"1985.05",-,-,-,0.6,-,-,-,1.9,-,-,-,1.7
"1985.06",-,-,-,0.3,-,-,-,2.3,-,-,-,1.8
"1985.07",-,-,-,0.2,-,-,-,2.4,-,-,-,1.9
"1985.08",-,-,-,0.4,-,-,-,2.6,-,-,-,2.0
"1985.09",-,-,-,0.4,-,-,-,2.4,-,-,-,2.0
"1985.10",-,-,-,-0.1,-,-,-,2.8,-,-,-,2.1
"1985.11",-,-,-,-0.2,-,-,-,2.7,-,-,-,2.2
"1985.12",-,-,-,0.5,-,-,-,3.1,-,-,-,2.2
"1986.01",-,-,-,0.6,-,-,-,3.6,-,-,-,3.6
"1986.02",-,-,-,0.3,-,-,-,3.2,-,-,-,3.4
"1986.03",-,-,-,0.2,-,-,-,3.4,-,-,-,3.4
"1986.04",-,-,-,0.3,-,-,-,3.5,-,-,-,3.4
"1986.05",-,-,-,0.7,-,-,-,3.6,-,-,-,3.5
"1986.06",-,-,-,0.8,-,-,-,4.2,-,-,-,3.6
"1986.07",-,-,-,0.3,-,-,-,4.3,-,-,-,3.7
"1986.08",-,-,-,0.0,-,-,-,3.9,-,-,-,3.7
"1986.09",-,-,-,0.3,-,-,-,3.8,-,-,-,3.7
"1986.10",-,-,-,-0.4,-,-,-,3.6,-,-,-,3.7
"1986.11",-,-,-,0.1,-,-,-,3.9,-,-,-,3.7
"1986.12",-,-,-,0.0,-,-,-,3.4,-,-,-,3.7
"1987.01",-,-,-,0.2,-,-,-,3.0,-,-,-,3.0
"1987.02",-,-,-,0.2,-,-,-,2.9,-,-,-,2.9
"1987.03",-,-,-,0.5,-,-,-,3.2,-,-,-,3.0
"1987.04",-,-,-,0.6,-,-,-,3.5,-,-,-,3.2
"1987.05",-,-,-,1.0,-,-,-,3.8,-,-,-,3.3
"1987.06",-,-,-,0.0,-,-,-,2.9,-,-,-,3.2
"1987.07",-,-,-,-0.1,-,-,-,2.4,-,-,-,3.1
"1987.08",-,-,-,0.1,-,-,-,2.5,-,-,-,3.0
"1987.09",-,-,-,0.2,-,-,-,2.4,-,-,-,3.0
"1987.10",-,-,-,0.5,-,-,-,3.3,-,-,-,3.0
"1987.11",-,-,-,0.0,-,-,-,3.2,-,-,-,3.0
"1987.12",-,-,-,0.0,-,-,-,3.2,-,-,-,3.0
"1988.01",-,-,-,0.2,-,-,-,3.2,-,-,-,3.2
"1988.02",-,-,-,1.5,-,-,-,4.5,-,-,-,3.8
"1988.03",-,-,-,1.6,-,-,-,5.6,-,-,-,4.4
"1988.04",-,-,-,0.5,-,-,-,5.6,-,-,-,4.7
"1988.05",-,-,-,0.7,-,-,-,5.3,-,-,-,4.8
"1988.06",-,-,-,0.7,-,-,-,6.0,-,-,-,5.0
"1988.07",-,-,-,0.2,-,-,-,6.4,-,-,-,5.2
"1988.08",-,-,-,0.4,-,-,-,6.7,-,-,-,5.4
"1988.09",-,-,-,0.6,-,-,-,7.1,-,-,-,5.6
"1988.10",-,-,-,0.3,-,-,-,6.9,-,-,-,5.7
"1988.11",-,-,-,0.7,-,-,-,7.6,-,-,-,5.9
"1988.12",-,-,-,0.4,-,-,-,8.1,-,-,-,6.1
"1989.01",-,-,-,0.1,-,-,-,7.9,-,-,-,7.9
"1989.02",-,-,-,0.4,-,-,-,6.8,-,-,-,7.4
"1989.03",-,-,-,0.5,-,-,-,5.7,-,-,-,6.8
"1989.04",-,-,-,0.8,-,-,-,5.9,-,-,-,6.6
"1989.05",-,-,-,0.8,-,-,-,6.0,-,-,-,6.5
"1989.06",-,-,-,0.5,-,-,-,5.9,-,-,-,6.4
"1989.07",-,-,-,0.5,-,-,-,6.2,-,-,-,6.4
"1989.08",-,-,-,0.1,-,-,-,5.9,-,-,-,6.3
"1989.09",-,-,-,0.4,-,-,-,5.7,-,-,-,6.2
"1989.10",-,-,-,0.2,-,-,-,5.5,-,-,-,6.2
"1989.11",-,-,-,0.7,-,-,-,5.6,-,-,-,6.1
"1989.12",-,-,-,0.2,-,-,-,5.4,-,-,-,6.0
"1990.01",-,-,-,2.1,-,-,-,7.6,-,-,-,7.6
"1990.02",-,0.3,0.6,0.6,-,-,-,7.8,-,-,-,7.7
"1990.03",-,-1.4,1.4,1.1,-,-,-,8.5,-,-,-,8.0
"1990.04",-,6.0,0.7,0.8,-,-,-,8.5,-,-,-,8.1
"1990.05",-,1.0,0.8,1.1,-,-,-,8.9,-,-,-,8.3
"1990.06",-,-1.3,0.7,0.7,-,-,-,9.0,-,-,-,8.4
"1990.07",-,3.1,0.3,0.1,-,-,-,8.6,-,-,-,8.4
"1990.08",-,3.8,0.3,0.1,-,-,-,8.5,-,-,-,8.4
"1990.09",-,3.0,0.1,0.5,-,-,-,8.6,-,-,-,8.5
"1990.10",-,-0.7,0.4,0.2,-,-,-,8.7,-,-,-,8.5
"1990.11",-,-3.2,0.5,0.2,-,-,-,8.2,-,-,-,8.5
"1990.12",-,-0.6,0.3,0.4,-,-,-,8.3,-,-,-,8.4
"1991.01",-,5.5,2.1,1.9,-,16.0,8.4,8.1,-,16.0,8.4,8.1
"1991.02",-,4.1,1.0,1.1,-,20.4,9.0,8.7,-,18.2,8.7,8.4
"1991.03",-,4.2,1.3,0.9,-,27.1,8.8,8.4,-,21.2,8.7,8.4
"1991.04",-,2.0,0.5,0.3,-,22.4,8.6,7.9,-,21.5,8.7,8.3
"1991.05",-,-2.9,0.6,0.5,-,17.7,8.4,7.3,-,20.7,8.7,8.1
"1991.06",-,0.4,0.7,0.8,-,19.7,8.5,7.4,-,20.5,8.6,8.0
"1991.07",-,-1.1,0.7,0.9,-,14.9,9.0,8.3,-,19.7,8.7,8.0
"1991.08",-,6.8,0.2,0.4,-,18.3,9.0,8.6,-,19.5,8.7,8.1
"1991.09",-,1.0,0.2,0.5,-,16.0,9.1,8.6,-,19.1,8.8,8.1
"1991.10",-,-1.5,0.5,0.3,-,15.1,9.2,8.6,-,18.6,8.8,8.2
"1991.11",-,0.9,0.6,0.5,-,20.0,9.3,8.9,-,18.8,8.9,8.3
"1991.12",-,1.4,0.2,0.2,-,22.4,9.3,8.7,-,19.1,8.9,8.3
"1992.01",-,3.3,0.6,0.5,-,19.8,7.7,7.1,-,19.8,7.7,7.1
"1992.02",-,0.4,0.7,0.7,-,15.5,7.3,6.6,-,17.6,7.5,6.9
"1992.03",-,-1.7,1.6,1.2,-,9.0,7.6,6.9,-,14.6,7.5,6.9
"1992.04",-,0.9,0.4,0.6,-,7.8,7.4,7.2,-,12.8,7.5,7.0
"1992.05",-,1.3,0.5,0.6,-,12.5,7.3,7.2,-,12.8,7.5,7.0
"1992.06",-,-1.9,0.1,0.2,-,9.8,6.6,6.6,-,12.3,7.3,6.9
"1992.07",-,-3.4,0.1,0.3,-,7.2,5.9,5.9,-,11.5,7.1,6.8
"1992.08",-,2.3,0.0,0.1,-,2.7,5.7,5.6,-,10.4,6.9,6.6
"1992.09",-,3.2,0.2,0.3,-,4.9,5.6,5.5,-,9.7,6.8,6.5
"1992.10",-,-3.6,0.3,0.2,-,2.7,5.5,5.4,-,9.0,6.6,6.4
"1992.11",-,-8.4,0.2,0.2,-,-6.7,5.1,5.1,-,7.5,6.5,6.3
"1992.12",-,-0.3,0.2,0.2,-,-8.3,5.1,5.2,-,6.1,6.4,6.2
"1993.01",-,3.6,0.7,0.5,-,-8.0,5.2,5.2,-,-8.0,5.2,5.2
"1993.02",-,-0.7,0.9,0.7,-,-9.0,5.4,5.3,-,-8.5,5.3,5.3
"1993.03",-,0.4,1.5,1.3,-,-7.0,5.3,5.4,-,-8.0,5.3,5.3
"1993.04",-,0.8,0.4,0.5,-,-7.1,5.4,5.3,-,-7.8,5.3,5.3
"1993.05",-,2.4,0.3,0.2,-,-6.1,5.3,4.9,-,-7.4,5.3,5.2
"1993.06",-,3.6,0.2,0.5,-,-0.9,5.4,5.2,-,-6.4,5.3,5.2
"1993.07",-,-1.9,0.1,0.1,-,0.8,5.4,5.1,-,-5.4,5.3,5.2
"1993.08",-,2.7,0.1,0.3,-,1.1,5.5,5.2,-,-4.6,5.3,5.2
"1993.09",-,3.4,0.0,0.2,-,1.3,5.2,5.1,-,-3.9,5.3,5.2
"1993.10",-,3.3,0.4,0.2,-,8.6,5.3,5.1,-,-2.7,5.3,5.2
"1993.11",-,-2.2,0.0,0.1,-,16.0,5.1,5.0,-,-1.1,5.3,5.2
"1993.12",-,3.9,0.2,0.3,-,20.8,5.1,5.0,-,0.5,5.3,5.2
"1994.01",-,3.9,1.1,1.0,-,21.1,5.5,5.5,-,21.1,5.5,5.5
"1994.02",-,6.1,1.0,0.8,-,29.4,5.6,5.6,-,25.2,5.5,5.5
"1994.03",-,1.2,1.1,0.8,-,30.5,5.1,5.0,-,27.0,5.4,5.4
"1994.04",-,-1.5,0.3,0.3,-,27.5,5.0,4.8,-,27.1,5.3,5.2
"1994.05",-,-1.4,0.4,0.3,-,22.7,5.1,5.0,-,26.2,5.3,5.2
"1994.06",-,-1.1,0.7,1.0,-,17.1,5.6,5.6,-,24.6,5.3,5.2
"1994.07",-,6.7,0.3,0.3,-,27.3,5.9,5.7,-,25.0,5.4,5.3
"1994.08",-,7.2,0.3,0.0,-,33.0,6.1,5.4,-,26.0,5.5,5.3
"1994.09",-,-1.1,-0.1,-0.3,-,27.1,6.0,4.8,-,26.2,5.5,5.3
"1994.10",-,-4.4,0.1,0.0,-,17.6,5.6,4.6,-,25.2,5.5,5.2
"1994.11",-,-0.2,0.3,0.2,-,20.0,5.9,4.8,-,24.7,5.6,5.2
"1994.12",-,-0.4,0.1,0.2,-,15.1,5.8,4.7,-,23.8,5.6,5.1
"1995.01",-,2.5,1.0,0.9,-,13.5,5.8,4.6,-,13.5,5.8,4.6
"1995.02",0.6,1.4,0.2,0.2,-,8.5,4.9,4.0,-,11.0,5.3,4.3
"1995.03",1.2,1.2,1.0,0.9,-,8.5,4.9,4.1,-,10.1,5.2,4.2
"1995.04",0.7,0.8,0.8,0.7,-,11.1,5.4,4.5,-,10.4,5.2,4.3
"1995.05",0.1,-3.0,0.4,0.3,-,9.4,5.4,4.5,-,10.2,5.3,4.3
"1995.06",-0.7,-6.3,0.1,0.2,-,3.7,4.7,3.6,-,9.1,5.2,4.2
"1995.07",0.0,-2.2,0.5,0.6,-,-5.0,4.9,4.0,-,7.0,5.1,4.2
"1995.08",0.7,3.0,0.5,0.4,-,-8.7,5.1,4.4,-,4.9,5.1,4.2
"1995.09",1.5,6.8,0.3,0.3,-,-1.4,5.5,5.0,-,4.1,5.2,4.3
"1995.10",-0.8,-9.9,0.1,0.1,-,-7.0,5.5,5.1,-,3.0,5.2,4.4
"1995.11",-0.6,-6.2,0.3,0.5,-,-12.6,5.5,5.4,-,1.5,5.2,4.5
"1995.12",0.9,-0.1,0.5,0.6,-,-12.4,5.9,5.9,-,0.3,5.3,4.6
"1996.01",1.5,3.5,0.7,0.7,5.2,-11.5,5.5,5.6,5.2,-11.5,5.5,5.6
"1996.02",0.6,1.6,0.3,0.3,5.2,-11.4,5.6,5.7,5.2,-11.4,5.6,5.7
"1996.03",0.2,-0.6,1.1,0.9,4.1,-13.0,5.7,5.7,4.8,-12.0,5.6,5.7
"1996.04",1.1,2.9,0.4,0.5,4.5,-11.2,5.2,5.4,4.8,-11.8,5.5,5.6
"1996.05",1.0,3.6,0.3,0.4,5.4,-5.3,5.1,5.5,4.9,-10.5,5.4,5.6
"1996.06",-0.1,-0.5,0.2,0.1,6.0,0.6,5.2,5.4,5.1,-8.8,5.4,5.6
"1996.07",1.2,0.0,0.2,0.3,7.3,2.9,4.9,5.1,5.4,-7.2,5.3,5.5
"1996.08",0.5,1.0,0.5,0.2,7.1,0.9,4.9,4.9,5.6,-6.2,5.3,5.4
"1996.09",0.3,-0.6,0.2,0.3,5.8,-6.1,4.7,4.8,5.6,-6.2,5.2,5.4
"1996.10",0.0,-1.3,0.2,0.1,6.6,2.8,4.8,4.8,5.7,-5.4,5.2,5.3
"1996.11",0.1,-1.3,0.0,0.0,7.4,8.2,4.5,4.3,5.9,-4.3,5.1,5.2
"1996.12",0.6,1.9,0.1,0.1,7.0,10.3,4.1,3.8,6.0,-3.2,5.0,5.1
"1997.01",1.1,1.8,0.4,0.4,6.6,8.6,3.8,3.5,6.6,8.6,3.8,3.5
"1997.02",0.7,2.4,0.4,0.3,6.8,9.4,3.9,3.5,6.7,9.0,3.8,3.5
"1997.03",0.3,-0.5,0.7,0.6,6.8,9.6,3.5,3.2,6.7,9.2,3.7,3.4
"1997.04",0.5,3.7,0.3,0.3,6.3,10.5,3.3,3.0,6.6,9.5,3.6,3.3
"1997.05",-0.1,-2.2,0.3,0.4,5.2,4.3,3.3,2.9,6.3,8.4,3.6,3.2
"1997.06",0.2,-0.7,0.2,0.2,5.5,4.2,3.3,3.0,6.2,7.7,3.5,3.2
"1997.07",0.2,0.7,0.2,0.4,4.4,4.9,3.3,3.1,5.9,7.3,3.5,3.2
"1997.08",1.2,4.8,0.4,0.6,5.1,8.8,3.2,3.5,5.8,7.5,3.5,3.2
"1997.09",0.7,1.6,0.4,0.5,5.6,11.2,3.4,3.7,5.8,7.9,3.5,3.3
"1997.10",-0.1,-2.3,0.2,0.1,5.5,10.1,3.4,3.7,5.8,8.1,3.4,3.3
"1997.11",0.4,-2.2,0.1,0.1,5.8,9.1,3.5,3.8,5.8,8.2,3.4,3.4
"1997.12",4.3,2.0,0.5,0.5,9.7,9.3,3.9,4.2,6.1,8.3,3.5,3.4
"1998.01",3.4,0.9,1.8,2.2,12.2,8.3,5.3,6.1,12.2,8.3,5.3,6.1
"1998.02",2.4,0.2,1.0,1.1,14.1,6.0,6.0,7.0,13.2,7.1,5.7,6.6
"1998.03",-1.0,0.6,0.8,1.0,12.7,7.1,6.1,7.4,13.0,7.1,5.8,6.9
"1998.04",0.5,3.7,0.2,0.2,12.7,7.0,6.0,7.3,12.9,7.1,5.9,7.0
"1998.05",-0.8,1.4,-0.2,0.0,11.9,10.9,5.5,6.9,12.7,7.8,5.8,7.0
"1998.06",-0.7,-6.6,-0.2,-0.1,10.9,4.3,5.2,6.6,12.4,7.3,5.7,6.9
"1998.07",0.1,1.6,0.0,-0.2,10.7,5.2,5.0,6.1,12.2,7.0,5.6,6.8
"1998.08",0.8,8.0,-0.3,-0.3,10.4,8.4,4.3,5.2,11.9,7.2,5.4,6.6
"1998.09",0.7,1.8,0.0,0.1,10.4,8.6,3.9,4.8,11.8,7.3,5.3,6.4
"1998.10",0.8,1.6,0.0,0.0,11.4,12.9,3.7,4.7,11.7,7.9,5.1,6.2
"1998.11",-0.5,-4.0,-0.1,-0.2,10.4,10.8,3.5,4.5,11.6,8.2,5.0,6.1
"1998.12",-0.2,0.3,-0.2,0.1,5.7,8.9,2.9,4.0,11.1,8.2,4.8,5.9
"1999.01",0.0,2.2,0.0,0.0,2.2,10.3,1.1,1.8,2.2,10.3,1.1,1.8
"1999.02",0.6,5.0,0.1,0.2,0.4,15.7,0.2,0.8,1.3,13.0,0.6,1.3
"1999.03",0.5,1.4,0.2,0.2,1.8,16.6,-0.4,0.0,1.5,14.2,0.3,0.8
"1999.04",0.6,1.7,-0.1,-0.1,1.9,14.3,-0.7,-0.3,1.6,14.2,0.0,0.6
"1999.05",-0.2,-3.2,-0.1,-0.1,2.6,9.2,-0.6,-0.3,1.8,13.2,-0.1,0.4
"1999.06",-0.9,-7.7,-0.1,0.0,2.4,7.8,-0.5,-0.3,1.9,12.3,-0.2,0.3
"1999.07",-0.5,-4.1,-0.1,-0.1,1.9,1.8,-0.6,-0.2,1.9,10.8,-0.2,0.2
"1999.08",1.8,12.9,0.0,0.3,2.8,6.5,-0.4,0.3,2.0,10.3,-0.2,0.2
"1999.09",0.5,0.6,0.0,0.1,2.6,5.3,-0.4,0.3,2.1,9.7,-0.3,0.2
"1999.10",1.3,4.1,0.2,0.2,3.2,7.8,-0.2,0.5,2.2,9.5,-0.3,0.3
"1999.11",-0.3,-5.5,0.0,0.0,3.3,6.2,-0.1,0.7,2.3,9.2,-0.2,0.3
"1999.12",-0.4,-2.1,0.0,-0.1,3.1,3.7,0.1,0.5,2.4,8.7,-0.2,0.3
"2000.01",0.5,4.0,0.6,0.5,3.6,5.5,0.7,1.1,3.6,5.5,0.7,1.1
"2000.02",0.5,2.0,0.2,0.2,3.5,2.5,0.8,1.1,3.6,4.0,0.7,1.1
"2000.03",0.9,-0.8,0.7,0.6,4.0,0.3,1.3,1.5,3.7,2.7,0.9,1.2
"2000.04",-0.6,-4.1,0.1,0.0,2.8,-5.4,1.5,1.6,3.5,0.6,1.1,1.3
"2000.05",-1.1,-6.8,-0.3,-0.2,1.8,-9.0,1.3,1.5,3.1,-1.3,1.1,1.4
"2000.06",0.7,-0.8,0.1,0.1,3.4,-2.1,1.5,1.6,3.2,-1.4,1.2,1.4
"2000.07",0.7,2.5,0.4,0.3,4.6,4.5,2.0,2.0,3.4,-0.7,1.3,1.5
"2000.08",0.9,1.5,0.2,0.4,3.8,-6.1,2.2,2.1,3.4,-1.4,1.4,1.6
"2000.09",2.1,14.8,0.5,0.4,5.4,7.1,2.7,2.5,3.6,-0.4,1.5,1.7
"2000.10",-0.1,-4.9,0.1,0.0,3.9,-2.1,2.6,2.3,3.7,-0.6,1.6,1.7
"2000.11",-1.1,-12.7,0.0,0.0,3.1,-9.6,2.6,2.3,3.6,-1.4,1.7,1.8
"2000.12",0.7,-1.3,0.3,0.5,4.2,-8.8,2.9,2.9,3.7,-2.0,1.8,1.9
"2001.01",1.2,8.2,0.9,0.9,4.9,-5.2,3.2,3.2,4.9,-5.2,3.2,3.2
"2001.02",0.5,3.0,0.4,0.2,4.9,-4.2,3.4,3.2,4.9,-4.7,3.3,3.2
"2001.03",1.3,7.3,0.7,0.7,5.2,3.6,3.4,3.3,5.0,-1.9,3.4,3.3
"2001.04",0.5,1.9,0.3,0.3,6.4,10.1,3.6,3.6,5.3,1.0,3.4,3.3
"2001.05",-0.4,-5.7,0.2,0.3,7.1,11.5,4.1,4.1,5.7,2.9,3.6,3.5
"2001.06",0.5,2.9,0.1,0.1,6.9,15.7,4.1,4.1,5.9,4.9,3.7,3.6
"2001.07",0.2,2.6,-0.1,0.0,6.3,15.9,3.6,3.8,6.0,6.4,3.6,3.6
"2001.08",0.6,5.7,0.2,0.3,6.0,20.7,3.6,3.7,6.0,8.1,3.6,3.6
"2001.09",-0.4,-5.1,0.2,0.2,3.4,-0.3,3.3,3.5,5.7,7.1,3.6,3.6
"2001.10",0.1,-1.0,0.0,0.1,3.6,3.9,3.2,3.6,5.5,6.8,3.6,3.6
"2001.11",-1.0,-9.6,0.1,0.1,3.7,7.6,3.3,3.7,5.3,6.8,3.5,3.6
"2001.12",0.1,1.9,0.3,0.4,3.0,11.0,3.3,3.6,5.1,7.2,3.5,3.6
"2002.01",0.6,6.2,0.4,0.3,2.4,9.0,2.7,2.9,2.4,9.0,2.7,2.9
"2002.02",0.5,9.1,0.3,0.3,2.4,15.4,2.6,3.0,2.4,12.3,2.7,3.0
"2002.03",0.8,-2.4,0.9,0.7,2.0,5.0,2.8,3.0,2.3,9.7,2.7,3.0
"2002.04",0.7,2.5,0.5,0.3,2.2,5.7,3.0,3.0,2.3,8.6,2.8,3.0
"2002.05",0.6,2.4,0.2,0.3,3.1,14.7,3.0,3.0,2.4,9.8,2.8,3.0
"2002.06",-0.4,-2.7,0.0,0.0,2.3,8.3,2.9,2.9,2.4,9.6,2.8,3.0
"2002.07",-0.6,-4.4,0.1,0.1,1.4,0.9,3.1,3.0,2.3,8.3,2.9,3.0
"2002.08",0.9,10.2,0.2,0.1,1.8,5.2,3.1,2.8,2.2,7.9,2.9,3.0
"2002.09",0.8,6.3,0.3,0.3,3.0,17.9,3.2,2.9,2.3,9.0,2.9,2.9
"2002.10",-0.7,-12.1,0.3,0.2,2.2,4.6,3.5,3.0,2.3,8.6,3.0,2.9
"2002.11",0.0,-3.6,0.2,0.2,3.2,11.5,3.6,3.1,2.4,8.8,3.0,3.0
"2002.12",0.6,4.8,0.3,0.4,3.7,14.7,3.5,3.1,2.5,9.3,3.1,3.0
"2003.01",0.8,5.0,0.4,0.4,4.0,13.4,3.5,3.1,4.0,13.4,3.5,3.1
"2003.02",0.7,2.3,0.3,0.2,4.2,6.3,3.5,3.0,4.1,9.7,3.5,3.1
"2003.03",2.1,5.1,1.0,1.0,5.5,14.5,3.7,3.4,4.6,11.3,3.6,3.2
"2003.04",-0.5,-3.7,0.3,0.1,4.3,7.6,3.5,3.2,4.5,10.3,3.6,3.2
"2003.05",-0.5,-5.5,0.1,0.2,3.1,-0.7,3.4,3.1,4.2,8.0,3.5,3.2
"2003.06",-0.4,-6.4,0.1,0.2,3.1,-4.4,3.5,3.3,4.0,5.9,3.5,3.2
"2003.07",0.0,0.0,-0.1,-0.1,3.7,0.0,3.3,3.1,4.0,5.1,3.5,3.2
"2003.08",0.7,6.6,0.1,0.2,3.5,-3.2,3.2,3.2,3.9,4.0,3.4,3.2
"2003.09",1.1,12.6,0.3,0.2,3.8,2.5,3.2,3.1,3.9,3.8,3.4,3.2
"2003.10",0.3,3.3,0.0,-0.1,4.8,20.5,2.9,2.8,4.0,5.5,3.4,3.1
"2003.11",-0.5,-5.3,-0.1,0.1,4.2,18.5,2.6,2.7,4.0,6.6,3.3,3.1
"2003.12",0.5,-1.3,0.5,0.5,4.2,11.6,2.9,2.8,4.0,7.0,3.2,3.1
"2004.01",0.9,2.8,0.3,0.4,4.3,9.3,2.8,2.8,4.3,9.3,2.8,2.8
"2004.02",0.7,2.3,0.1,0.1,4.3,9.4,2.6,2.7,4.3,9.3,2.7,2.7
"2004.03",1.6,2.6,0.8,1.1,3.8,6.7,2.4,2.7,4.1,8.4,2.6,2.7
"2004.04",-0.3,-1.8,0.1,0.1,4.1,8.8,2.2,2.7,4.1,8.5,2.5,2.7
"2004.05",-0.1,-4.6,0.1,0.2,4.6,9.7,2.2,2.7,4.2,8.7,2.4,2.7
"2004.06",-0.1,-3.4,0.1,0.2,4.9,13.2,2.2,2.7,4.3,9.4,2.4,2.7
"2004.07",0.9,4.7,0.4,0.3,5.8,18.6,2.6,3.1,4.5,10.6,2.4,2.8
"2004.08",1.5,10.5,0.1,0.3,6.7,22.9,2.6,3.2,4.8,12.1,2.4,2.8
"2004.09",0.2,-1.6,0.0,0.2,5.7,7.3,2.3,3.2,4.9,11.5,2.4,2.9
"2004.10",0.1,-3.5,0.0,0.1,5.5,0.2,2.3,3.4,5.0,10.3,2.4,2.9
"2004.11",-1.0,-8.0,-0.1,-0.2,5.0,-2.7,2.4,3.1,5.0,9.0,2.4,2.9
"2004.12",0.0,-1.2,0.4,0.3,4.5,-2.6,2.2,2.9,4.9,8.0,2.4,2.9
"2005.01",1.4,4.7,0.8,0.7,5.1,-0.8,2.7,3.3,5.1,-0.8,2.7,3.3
"2005.02",0.5,6.4,0.2,0.2,4.9,3.2,2.8,3.4,5.0,1.2,2.7,3.3
"2005.03",1.1,0.9,0.5,0.5,4.3,1.5,2.5,2.8,4.7,1.3,2.7,3.1
"2005.04",0.1,1.5,0.1,0.0,4.7,4.8,2.5,2.7,4.7,2.2,2.6,3.0
"2005.05",-0.2,-4.0,0.0,0.1,4.6,5.5,2.4,2.6,4.7,2.8,2.6,2.9
"2005.06",-0.4,-6.9,0.0,-0.1,4.2,1.8,2.3,2.3,4.6,2.6,2.5,2.8
"2005.07",0.6,4.3,0.0,0.0,4.0,1.3,2.0,2.1,4.5,2.5,2.5,2.7
"2005.08",0.4,2.7,0.2,0.1,2.8,-5.8,2.1,1.9,4.3,1.3,2.4,2.6
"2005.09",0.8,5.8,0.0,0.1,3.5,1.3,2.1,1.8,4.2,1.3,2.4,2.5
"2005.10",-0.1,-2.6,0.0,0.0,3.3,2.2,2.1,1.7,4.1,1.4,2.3,2.4
"2005.11",-0.8,-9.2,0.1,0.0,3.5,0.8,2.3,1.9,4.1,1.4,2.3,2.4
"2005.12",0.4,4.4,0.2,0.2,3.9,6.6,2.1,1.8,4.0,1.8,2.3,2.3
"2006.01",0.9,5.4,0.2,0.2,3.4,7.3,1.5,1.3,3.4,7.3,1.5,1.3
"2006.02",0.3,-1.0,0.3,0.2,3.1,-0.2,1.6,1.3,3.2,3.4,1.6,1.3
"2006.03",0.8,0.8,0.7,0.6,2.8,-0.3,1.8,1.4,3.1,2.2,1.6,1.3
"2006.04",0.2,-0.2,0.1,0.1,2.9,-1.9,1.8,1.5,3.0,1.1,1.7,1.4
"2006.05",0.0,-3.9,0.3,0.4,3.1,-1.8,2.1,1.8,3.1,0.5,1.8,1.5
"2006.06",-0.1,-5.7,-0.1,0.0,3.4,-0.5,2.0,1.9,3.1,0.4,1.8,1.5
"2006.07",0.4,1.6,0.2,0.2,3.2,-3.1,2.2,2.1,3.1,-0.1,1.9,1.6
"2006.08",1.0,13.1,0.0,0.1,3.8,6.8,2.0,2.1,3.2,0.8,1.9,1.7
"2006.09",0.5,1.8,0.2,0.0,3.5,2.7,2.2,2.0,3.2,1.0,1.9,1.7
"2006.10",-0.9,-5.9,0.0,0.0,2.7,-0.7,2.2,2.0,3.2,0.8,1.9,1.7
"2006.11",-0.9,-7.0,0.2,0.1,2.6,1.7,2.3,2.1,3.1,0.9,2.0,1.8
"2006.12",0.4,4.7,0.1,0.2,2.6,2.0,2.2,2.1,3.1,1.0,2.0,1.8
"2007.01",0.2,1.7,0.3,0.2,1.9,-1.6,2.3,2.1,1.9,-1.6,2.3,2.1
"2007.02",0.8,5.8,0.5,0.4,2.4,5.2,2.5,2.3,2.1,1.8,2.4,2.2
"2007.03",1.0,-2.3,0.8,0.7,2.5,1.9,2.6,2.4,2.3,1.8,2.4,2.2
"2007.04",0.6,-0.2,0.2,0.3,2.9,1.9,2.7,2.6,2.4,1.9,2.5,2.3
"2007.05",0.2,-2.3,0.1,0.0,3.1,3.6,2.4,2.2,2.6,2.2,2.5,2.3
"2007.06",0.0,-3.3,0.0,0.1,3.2,6.2,2.6,2.3,2.7,2.8,2.5,2.3
"2007.07",0.5,4.2,0.2,0.2,3.3,9.0,2.5,2.3,2.8,3.7,2.5,2.3
"2007.08",0.1,0.8,0.1,0.1,2.4,-2.9,2.6,2.3,2.7,2.8,2.5,2.3
"2007.09",0.8,8.8,0.0,0.1,2.7,3.9,2.4,2.3,2.7,2.9,2.5,2.3
"2007.10",0.4,1.1,0.2,0.1,3.9,11.6,2.6,2.4,2.8,3.8,2.5,2.3
"2007.11",0.0,-7.7,0.1,0.1,4.9,10.8,2.5,2.4,3.0,4.4,2.5,2.3
"2007.12",0.4,-0.2,0.2,0.2,4.8,5.6,2.6,2.4,3.2,4.5,2.5,2.3
"2008.01",0.5,-1.0,0.5,0.6,5.1,2.8,2.8,2.8,5.1,2.8,2.8,2.8
"2008.02",0.3,1.3,0.4,0.4,4.6,-1.6,2.7,2.8,4.9,0.5,2.8,2.8
"2008.03",1.3,-4.5,1.1,1.1,4.9,-3.8,3.1,3.3,4.9,-0.9,2.9,3.0
"2008.04",0.7,-0.5,0.2,0.5,5.1,-4.1,3.1,3.5,4.9,-1.7,2.9,3.1
"2008.05",1.0,-2.1,0.4,0.5,5.9,-3.9,3.3,3.9,5.1,-2.1,3.0,3.3
"2008.06",1.0,-5.0,0.2,0.5,7.0,-5.6,3.5,4.3,5.4,-2.7,3.1,3.4
"2008.07",0.6,3.6,0.5,0.5,7.1,-6.1,3.8,4.6,5.7,-3.2,3.2,3.6
"2008.08",-0.4,4.0,0.0,0.2,6.6,-3.1,3.7,4.7,5.8,-3.2,3.3,3.7
"2008.09",-0.3,-1.1,0.4,0.5,5.5,-11.9,4.1,5.1,5.8,-4.2,3.4,3.9
"2008.10",-0.3,-3.1,0.1,0.2,4.8,-15.6,4.0,5.2,5.7,-5.5,3.4,4.0
"2008.11",-0.8,-1.2,0.4,0.3,4.0,-9.7,4.3,5.3,5.5,-5.8,3.5,4.1
"2008.12",-0.5,4.2,0.4,0.5,3.0,-5.8,4.5,5.6,5.3,-5.8,3.6,4.3
"2009.01",0.2,6.1,0.0,0.2,2.8,1.1,4.0,5.2,2.8,1.1,4.0,5.2
"2009.02",0.8,1.7,0.5,0.4,3.3,1.4,4.0,5.2,3.0,1.2,4.0,5.2
"2009.03",1.1,4.3,0.5,0.4,3.1,10.8,3.3,4.5,3.0,4.3,3.8,5.0
"2009.04",0.6,3.0,-0.1,0.2,3.0,14.7,3.1,4.2,3.0,6.9,3.6,4.8
"2009.05",-0.2,-1.3,0.4,0.2,1.8,15.7,3.1,3.9,2.8,8.6,3.5,4.6
"2009.06",-0.3,-9.1,0.2,0.1,0.5,10.6,3.0,3.5,2.4,8.9,3.4,4.4
"2009.07",0.4,1.5,0.1,0.2,0.3,8.4,2.7,3.2,2.1,8.8,3.3,4.2
"2009.08",0.5,1.9,0.1,0.1,1.3,6.2,2.8,3.1,2.0,8.5,3.2,4.1
"2009.09",0.1,-1.5,0.2,0.1,1.7,5.7,2.6,2.7,2.0,8.2,3.2,3.9
"2009.10",-0.4,-2.0,0.0,0.1,1.5,6.9,2.5,2.6,1.9,8.0,3.1,3.8
"2009.11",0.0,-3.6,0.3,0.2,2.3,4.4,2.4,2.5,1.9,7.7,3.0,3.7
"2009.12",0.4,5.6,0.2,0.1,3.3,5.8,2.2,2.2,2.1,7.6,3.0,3.6
"2010.01",1.0,8.4,0.2,0.3,4.2,8.1,2.4,2.3,4.2,8.1,2.4,2.3
"2010.02",0.4,4.4,0.2,0.2,3.8,11.0,2.2,2.1,4.0,9.5,2.3,2.2
"2010.03",0.3,3.4,0.0,-0.1,3.0,10.0,1.7,1.6,3.7,9.7,2.1,2.0
"2010.04",0.5,4.4,0.1,0.2,2.9,11.5,1.9,1.6,3.5,10.1,2.1,1.9
"2010.05",0.0,-2.0,0.2,0.2,3.1,10.7,1.7,1.6,3.4,10.3,2.0,1.9
"2010.06",-0.4,-5.4,0.1,0.1,2.9,15.3,1.7,1.6,3.3,11.0,1.9,1.8
"2010.07",0.2,1.0,0.2,0.2,2.7,14.6,1.8,1.7,3.2,11.5,1.9,1.8
"2010.08",0.6,8.2,0.2,0.2,2.8,21.7,1.9,1.8,3.2,12.8,1.9,1.8
"2010.09",1.2,15.7,0.1,0.1,3.9,43.0,1.8,1.8,3.2,16.1,1.9,1.8
"2010.10",0.0,0.3,0.0,0.0,4.4,46.3,1.8,1.7,3.4,18.9,1.9,1.8
"2010.11",-0.9,-9.1,0.0,0.0,3.4,37.9,1.5,1.5,3.4,20.6,1.9,1.8
"2010.12",0.5,-0.3,0.3,0.3,3.5,30.2,1.7,1.7,3.4,21.3,1.8,1.8
"2011.01",1.6,5.0,0.5,0.7,4.1,26.2,1.9,2.1,4.1,26.2,1.9,2.1
"2011.02",1.0,0.6,0.4,0.7,4.6,21.6,2.1,2.6,4.4,23.8,2.0,2.4
"2011.03",0.4,-0.8,0.3,0.3,4.7,16.6,2.4,3.0,4.5,21.3,2.1,2.6
"2011.04",-0.1,-3.4,0.2,0.2,4.1,7.9,2.5,3.0,4.4,17.8,2.2,2.7
"2011.05",-0.1,-6.0,0.4,0.4,4.0,3.5,2.7,3.2,4.3,14.8,2.3,2.8
"2011.06",0.1,-2.5,0.2,0.4,4.5,6.6,2.8,3.5,4.3,13.5,2.4,2.9
"2011.07",0.6,5.2,0.2,0.3,4.9,11.1,2.8,3.6,4.4,13.2,2.5,3.0
"2011.08",0.9,11.0,0.2,0.1,5.2,13.9,2.8,3.5,4.5,13.3,2.5,3.1
"2011.09",-0.1,-2.7,-0.1,-0.1,3.8,-4.2,2.6,3.3,4.4,10.9,2.5,3.1
"2011.10",-0.3,-5.9,0.0,-0.1,3.5,-10.1,2.6,3.2,4.4,8.4,2.5,3.1
"2011.11",0.0,-3.1,0.2,0.3,4.5,-4.2,2.8,3.5,4.4,7.2,2.5,3.1
"2011.12",0.4,0.3,0.2,0.4,4.4,-3.6,2.7,3.6,4.4,6.3,2.6,3.2
"2012.01",0.4,6.4,0.2,0.2,3.1,-2.4,2.4,3.1,3.1,-2.4,2.4,3.1
"2012.02",0.4,3.1,0.4,0.1,2.5,0.0,2.4,2.5,2.8,-1.2,2.4,2.8
"2012.03",0.0,3.8,-0.3,-0.2,2.1,4.7,1.8,1.9,2.6,0.8,2.2,2.5
"2012.04",-0.1,-1.3,0.0,0.0,2.1,6.9,1.6,1.7,2.5,2.3,2.0,2.3
"2012.05",0.0,-0.3,0.3,0.2,2.2,13.4,1.5,1.6,2.4,4.3,1.9,2.2
"2012.06",-0.3,-5.7,0.1,0.3,1.8,9.7,1.4,1.5,2.3,5.2,1.8,2.0
"2012.07",-0.5,-1.9,0.0,0.0,0.8,2.2,1.2,1.2,2.1,4.7,1.7,1.9
"2012.08",0.7,5.1,0.2,0.2,0.6,-3.2,1.2,1.2,1.9,3.7,1.7,1.8
"2012.09",1.0,10.5,0.1,0.2,1.8,10.0,1.4,1.5,1.9,4.4,1.6,1.8
"2012.10",-0.4,-3.6,0.0,0.0,1.7,12.6,1.4,1.6,1.9,5.2,1.6,1.8
"2012.11",-0.7,-6.8,0.2,0.1,1.0,8.3,1.4,1.3,1.8,5.5,1.6,1.7
"2012.12",0.1,2.0,0.2,0.2,0.8,10.2,1.3,1.1,1.7,5.9,1.6,1.7
"2013.01",0.8,6.7,0.4,0.4,1.1,10.5,1.5,1.3,1.1,10.5,1.5,1.3
"2013.02",0.5,1.6,0.3,0.2,1.2,8.9,1.4,1.4,1.2,9.7,1.4,1.4
"2013.03",-0.2,-3.0,-0.1,-0.1,1.0,1.8,1.5,1.6,1.1,7.0,1.5,1.4
"2013.04",-0.2,-0.4,-0.1,0.0,0.9,2.7,1.5,1.6,1.0,5.9,1.5,1.5
"2013.05",-0.3,-4.5,0.4,0.4,0.5,-1.5,1.6,1.7,0.9,4.4,1.5,1.5
"2013.06",-0.2,-5.7,0.1,0.1,0.5,-1.6,1.5,1.6,0.9,3.4,1.5,1.5
"2013.07",0.1,0.5,0.0,0.1,1.1,0.9,1.5,1.7,0.9,3.1,1.5,1.6
"2013.08",0.7,8.3,0.0,0.0,1.1,3.9,1.3,1.5,0.9,3.2,1.5,1.5
"2013.09",0.2,-2.0,0.3,0.4,0.2,-7.9,1.5,1.7,0.8,1.9,1.5,1.6
"2013.10",-0.5,-7.6,0.1,0.1,0.0,-11.7,1.6,1.8,0.8,0.4,1.5,1.6
"2013.11",-0.2,-4.1,0.3,0.2,0.5,-9.1,1.7,2.0,0.7,-0.4,1.5,1.6
"2013.12",0.2,-0.2,0.1,0.1,0.5,-11.1,1.6,1.9,0.7,-1.3,1.5,1.6
"2014.01",0.8,4.5,0.3,0.2,0.6,-12.9,1.5,1.7,0.6,-12.9,1.5,1.7
"2014.02",0.3,2.2,0.2,0.2,0.4,-12.4,1.4,1.7,0.5,-12.7,1.4,1.7
"2014.03",0.2,-1.8,0.2,0.3,0.8,-11.3,1.7,2.1,0.6,-12.2,1.5,1.9
"2014.04",0.0,-1.2,0.1,0.2,1.0,-12.0,1.9,2.3,0.7,-12.2,1.6,2.0
"2014.05",0.0,-1.4,0.2,0.3,1.4,-9.2,1.8,2.2,0.8,-11.6,1.7,2.0
"2014.06",-0.2,-4.2,0.0,0.1,1.4,-7.7,1.7,2.1,0.9,-11.0,1.7,2.0
"2014.07",0.0,-0.2,0.2,0.2,1.4,-8.3,1.9,2.2,1.0,-10.7,1.7,2.1
"2014.08",0.1,4.2,0.1,0.1,0.8,-11.8,2.1,2.4,1.0,-10.8,1.8,2.1
"2014.09",0.0,1.6,-0.1,-0.1,0.6,-8.6,1.7,1.9,0.9,-10.6,1.7,2.1
"2014.10",-0.5,-5.6,0.1,0.0,0.7,-6.6,1.6,1.8,0.9,-10.2,1.7,2.1
"2014.11",-0.2,-2.6,0.0,0.0,0.7,-5.2,1.3,1.6,0.9,-9.8,1.7,2.0
"2014.12",-0.2,2.2,0.1,0.1,0.3,-2.8,1.4,1.6,0.8,-9.3,1.7,2.0
"2015.01",0.2,6.3,1.3,1.1,-0.3,-1.2,2.4,2.6,-0.3,-1.2,2.4,2.6
"2015.02",0.0,2.7,0.1,0.1,-0.6,-0.7,2.4,2.4,-0.4,-1.0,2.4,2.5
"2015.03",0.1,-2.6,0.2,0.1,-0.6,-1.6,2.4,2.2,-0.5,-1.2,2.4,2.4
"2015.04",-0.1,0.3,0.1,0.0,-0.7,-0.1,2.3,2.1,-0.5,-0.9,2.4,2.3
"2015.05",0.2,2.2,0.2,0.3,-0.5,3.6,2.2,2.1,-0.5,0.0,2.3,2.3
"2015.06",0.2,-1.9,0.0,0.0,-0.1,6.1,2.2,2.0,-0.5,0.9,2.3,2.2
"2015.07",0.0,-0.7,0.5,0.2,-0.1,5.5,2.5,2.1,-0.4,1.5,2.3,2.2
"2015.08",0.1,1.9,0.2,0.2,-0.1,3.1,2.6,2.1,-0.4,1.7,2.4,2.2
"2015.09",-0.1,-1.0,-0.2,-0.2,-0.3,0.5,2.4,2.0,-0.4,1.6,2.4,2.2
"2015.10",-0.1,-2.7,0.1,0.2,0.1,3.5,2.5,2.2,-0.3,1.8,2.4,2.2
"2015.11",-0.2,-3.8,0.1,0.0,0.1,2.3,2.6,2.2,-0.3,1.8,2.4,2.2
"2015.12",0.2,5.6,0.2,0.2,0.5,5.6,2.6,2.3,-0.2,2.1,2.4,2.2
"2016.01",0.1,3.2,0.5,0.4,0.4,2.5,1.8,1.6,0.4,2.5,1.8,1.6
"2016.02",0.6,8.4,0.2,0.2,1.0,8.2,1.9,1.7,0.7,5.4,1.8,1.6
"2016.03",-0.4,-3.0,0.1,0.1,0.5,7.8,1.9,1.7,0.6,6.2,1.9,1.7
"2016.04",0.0,-0.4,0.2,0.2,0.6,7.0,2.0,1.9,0.6,6.4,1.9,1.7
"2016.05",0.0,-3.2,0.2,0.2,0.4,1.3,2.0,1.8,0.6,5.4,1.9,1.7
"2016.06",0.1,-6.5,0.0,0.1,0.3,-3.4,2.1,1.8,0.5,3.9,1.9,1.7
"2016.07",-0.6,0.7,0.2,-0.2,-0.3,-2.0,1.8,1.3,0.4,3.1,1.9,1.7
"2016.08",0.2,5.0,0.2,0.1,-0.2,1.1,1.8,1.3,0.3,2.8,1.9,1.6
"2016.09",1.1,14.2,-0.1,0.0,1.0,16.6,2.0,1.5,0.4,4.4,1.9,1.6
"2016.10",0.4,-5.4,0.0,0.4,1.4,13.3,1.9,1.8,0.5,5.2,1.9,1.6
"2016.11",0.0,-3.1,-0.1,-0.1,1.6,14.2,1.7,1.6,0.6,6.0,1.9,1.6
"2016.12",-0.2,3.5,0.1,-0.1,1.2,12.0,1.6,1.2,0.7,6.5,1.9,1.6
"2017.01",1.5,6.8,0.6,0.7,2.6,15.9,1.8,1.6,2.6,15.9,1.8,1.6
"2017.02",0.4,0.7,0.3,0.2,2.5,7.6,1.8,1.6,2.6,11.6,1.8,1.6
"2017.03",0.0,-1.6,0.0,0.0,2.9,9.2,1.7,1.5,2.7,10.8,1.7,1.5
"2017.04",-0.4,-3.8,0.1,0.1,2.4,5.4,1.6,1.4,2.6,9.4,1.7,1.5
"2017.05",0.0,-2.4,0.2,0.2,2.5,6.3,1.5,1.4,2.6,8.8,1.7,1.5
"2017.06",-0.1,-3.6,-0.1,0.0,2.3,9.6,1.5,1.3,2.5,8.9,1.6,1.5
"2017.07",0.0,0.3,0.3,0.2,3.0,9.1,1.5,1.8,2.6,9.0,1.6,1.5
"2017.08",0.8,11.3,0.1,0.1,3.5,15.6,1.5,1.8,2.7,9.8,1.6,1.5
"2017.09",0.4,3.3,-0.2,-0.1,2.8,4.6,1.4,1.6,2.7,9.1,1.6,1.5
"2017.10",-0.4,-8.4,0.2,0.2,2.0,1.3,1.6,1.3,2.7,8.3,1.6,1.5
"2017.11",-0.8,-8.0,-0.3,-0.4,1.3,-3.8,1.3,1.1,2.5,7.2,1.5,1.5
"2017.12",0.2,3.7,0.2,0.2,1.6,-3.7,1.4,1.4,2.5,6.2,1.5,1.5
"2018.01",0.6,5.1,0.2,0.2,0.7,-5.2,1.0,0.9,0.7,-5.2,1.0,0.9
"2018.02",1.0,8.9,0.4,0.4,1.3,2.6,1.2,1.1,1.0,-1.3,1.1,1.0
"2018.03",-0.2,-5.3,0.2,0.2,1.1,-1.2,1.3,1.3,1.0,-1.3,1.2,1.1
"2018.04",0.0,0.4,0.2,0.3,1.5,3.1,1.4,1.4,1.2,-0.2,1.2,1.2
"2018.05",0.0,-3.6,0.1,0.1,1.5,1.9,1.4,1.3,1.2,0.2,1.3,1.2
"2018.06",-0.1,-5.5,-0.2,-0.1,1.5,-0.2,1.3,1.2,1.3,0.1,1.3,1.2
"2018.07",-0.4,-0.9,0.0,-0.2,1.1,-1.3,1.0,0.8,1.2,-0.1,1.2,1.1
"2018.08",1.2,18.2,0.2,0.2,1.5,4.8,1.0,0.9,1.3,0.6,1.2,1.1
"2018.09",1.3,9.3,-0.1,0.3,2.5,11.0,1.1,1.3,1.4,1.8,1.2,1.1
"2018.10",-0.3,-8.2,0.1,0.1,2.6,11.2,1.0,1.2,1.5,2.7,1.2,1.1
"2018.11",-1.0,-8.6,-0.1,-0.2,2.3,10.5,1.2,1.4,1.6,3.4,1.2,1.2
"2018.12",-0.8,0.0,0.0,0.0,1.3,6.6,1.1,1.3,1.6,3.6,1.2,1.2
"2019.01",-0.3,-0.2,0.2,0.2,0.4,1.2,1.0,1.2,0.4,1.2,1.0,1.2
"2019.02",0.6,2.1,0.5,0.4,0.0,-5.2,1.1,1.3,0.2,-2.2,1.1,1.2
"2019.03",-0.2,-3.1,-0.2,-0.1,0.0,-3.0,0.7,0.9,0.2,-2.4,1.0,1.1
"2019.04",0.3,0.7,0.2,0.2,0.4,-2.7,0.7,0.9,0.2,-2.5,0.9,1.1
"2019.05",0.5,-3.0,0.0,0.1,0.8,-2.1,0.6,0.8,0.3,-2.4,0.8,1.0
"2019.06",-0.1,-3.5,-0.1,-0.1,0.8,0.0,0.7,0.9,0.4,-2.0,0.8,1.0
"2019.07",-0.8,-2.5,0.2,-0.2,0.4,-1.6,0.9,1.0,0.4,-2.0,0.8,1.0
"2019.08",0.3,3.4,0.1,0.1,-0.4,-13.9,0.8,0.9,0.3,-3.6,0.8,1.0
"2019.09",0.8,7.6,-0.4,0.0,-0.9,-15.3,0.5,0.6,0.2,-5.1,0.8,0.9
"2019.10",0.4,-0.1,0.2,0.2,-0.3,-7.8,0.6,0.8,0.1,-5.4,0.8,0.9
"2019.11",-0.6,-6.1,-0.2,-0.3,0.2,-5.3,0.5,0.6,0.1,-5.4,0.7,0.9
"2019.12",0.1,3.2,0.1,0.1,1.1,-2.2,0.6,0.7,0.2,-5.1,0.7,0.9
"2020.01",0.3,4.7,0.2,0.2,1.7,2.6,0.6,0.7,1.7,2.6,0.6,0.7
"2020.02",0.1,-1.0,0.2,0.2,1.2,-0.4,0.4,0.5,1.5,1.1,0.5,0.6
"2020.03",0.0,1.6,-0.3,-0.1,1.4,4.3,0.2,0.5,1.4,2.2,0.4,0.6
"2020.04",-0.8,-2.0,0.0,0.1,0.2,1.6,0.1,0.3,1.1,2.0,0.3,0.5
"2020.05",-0.2,-0.8,0.1,0.3,-0.5,3.8,0.2,0.6,0.8,2.4,0.3,0.5
"2020.06",0.5,-1.0,0.1,0.2,0.1,6.5,0.4,0.8,0.7,3.0,0.3,0.6
"2020.07",-0.5,3.0,0.1,-0.2,0.3,12.5,0.3,0.7,0.6,4.3,0.3,0.6
"2020.08",0.7,9.3,0.2,0.2,0.7,18.9,0.4,0.8,0.6,6.1,0.3,0.6
"2020.09",1.1,8.8,-0.2,0.1,1.0,20.2,0.6,0.9,0.7,7.7,0.4,0.7
"2020.10",-1.3,-1.7,-0.7,-0.5,-0.7,18.3,-0.3,0.2,0.5,8.8,0.3,0.6
"2020.11",0.1,-11.1,0.7,0.5,0.0,12.0,0.6,1.1,0.5,9.1,0.3,0.6
"2020.12",0.2,-0.2,0.1,0.1,0.0,8.3,0.6,1.1,0.4,9.0,0.4,0.7
"2021.01",1.1,5.6,0.3,0.3,0.8,9.2,0.7,1.2,0.8,9.2,0.7,1.2
"2021.02",0.9,6.8,0.1,0.2,1.7,17.8,0.6,1.2,1.3,13.5,0.7,1.2
"2021.03",0.4,-0.6,0.1,0.1,2.1,15.2,1.1,1.4,1.6,14.0,0.8,1.3
"2021.04",0.1,-2.9,0.2,0.2,3.1,14.1,1.2,1.6,1.9,14.1,0.9,1.4
"2021.05",0.0,-3.4,0.1,0.2,3.4,11.1,1.2,1.5,2.2,13.5,1.0,1.4
"2021.06",0.1,-3.7,0.0,0.1,3.0,8.0,1.1,1.5,2.4,12.6,1.0,1.4
"2021.07",0.0,-0.3,0.3,0.1,3.5,4.6,1.3,1.8,2.5,11.4,1.0,1.5
"2021.08",0.5,3.7,0.2,0.3,3.3,-0.9,1.3,1.9,2.6,9.8,1.1,1.5
"2021.09",0.9,4.7,-0.1,0.2,3.1,-4.6,1.4,2.0,2.7,7.9,1.1,1.6
"2021.10",0.2,-5.0,0.2,0.3,4.6,-7.8,2.3,2.8,2.9,6.1,1.2,1.7
"2021.11",0.6,1.7,0.2,0.2,5.2,5.6,1.9,2.4,3.1,6.1,1.3,1.8
"2021.12",-0.4,0.9,0.4,0.4,4.6,6.7,2.2,2.7,3.2,6.2,1.4,1.8
"2022.01",0.9,5.3,0.6,0.6,4.3,6.3,2.6,3.0,4.3,6.3,2.6,3.0
"2022.02",0.9,-0.3,0.4,0.4,4.3,-0.8,2.9,3.3,4.3,2.7,2.7,3.2
"2022.03",1.1,-2.0,0.1,0.1,5.1,-2.1,2.8,3.3,4.6,1.0,2.8,3.2
"2022.04",0.7,0.2,0.4,0.5,5.8,1.0,3.0,3.6,4.9,1.0,2.8,3.3
"2022.05",0.8,-1.9,0.5,0.7,6.6,2.6,3.4,4.0,5.2,1.3,2.9,3.5
"2022.06",0.8,-0.9,0.5,0.5,7.3,5.6,3.9,4.4,5.6,2.0,3.1,3.6
"2022.07",0.4,6.6,0.4,0.2,7.8,12.9,4.0,4.5,5.9,3.5,3.2,3.7
"2022.08",-0.5,5.1,0.3,0.3,6.7,14.5,4.1,4.5,6.0,4.8,3.3,3.8
"2022.09",0.6,2.6,-0.1,0.2,6.3,12.2,4.1,4.5,6.0,5.7,3.4,3.9
"2022.10",0.2,-5.8,0.4,0.6,6.4,11.3,4.2,4.7,6.1,6.2,3.5,4.0
"2022.11",-0.2,-7.8,0.2,0.3,5.5,0.9,4.2,4.8,6.0,5.7,3.6,4.1
"2022.12",-0.1,1.4,0.3,0.3,5.7,1.4,4.0,4.7,6.0,5.4,3.6,4.1
"2023.01",0.9,5.9,0.6,0.7,5.8,1.9,4.0,4.8,5.8,1.9,4.0,4.8
"2023.02",0.4,1.1,0.3,0.3,5.3,3.4,3.9,4.7,5.6,2.7,3.9,4.7
"2023.03",0.1,1.7,0.2,0.2,4.3,7.2,4.0,4.7,5.1,4.2,4.0,4.7
"2023.04",0.2,-3.4,0.3,0.3,3.7,3.4,3.9,4.5,4.8,4.0,3.9,4.7
"2023.05",0.4,-1.5,0.4,0.4,3.3,3.8,3.8,4.3,4.5,4.0,3.9,4.6
"2023.06",0.0,-0.6,0.1,0.2,2.5,4.2,3.3,4.0,4.1,4.0,3.8,4.5
"2023.07",-0.1,4.5,0.3,0.0,2.0,2.2,3.2,3.8,3.8,3.8,3.7,4.4
"2023.08",1.3,9.6,0.2,0.2,3.9,6.6,3.1,3.7,3.8,4.1,3.6,4.3
"2023.09",1.1,3.6,-0.1,0.2,4.4,7.6,3.1,3.7,3.9,4.5,3.6,4.2
"2023.10",0.3,-0.8,0.3,0.4,4.6,13.3,3.1,3.6,4.0,5.4,3.5,4.2
"2023.11",-0.8,-7.4,0.0,-0.1,4.0,13.7,2.9,3.2,4.0,6.2,3.5,4.1
"2023.12",-0.3,2.1,0.2,0.2,3.7,14.5,2.8,3.1,3.9,6.8,3.4,4.0
"2024.01",0.6,5.7,0.4,0.3,3.4,14.4,2.5,2.6,3.4,14.4,2.5,2.6
"2024.02",0.6,6.1,0.3,0.2,3.7,20.0,2.5,2.6,3.6,17.2,2.5,2.6
"2024.03",0.3,1.3,0.1,0.0,3.8,19.5,2.4,2.4,3.6,18.0,2.5,2.6
"2024.04",0.0,-3.7,0.2,0.2,3.6,19.1,2.3,2.3,3.6,18.3,2.5,2.5
"2024.05",-0.1,-3.0,0.2,0.2,3.1,17.3,2.2,2.0,3.5,18.1,2.4,2.4
"2024.06",-0.2,-5.4,0.0,0.1,2.8,11.7,2.2,2.0,3.4,17.1,2.4,2.3
"2024.07",0.1,0.8,0.3,0.1,3.0,7.7,2.2,2.1,3.3,15.7,2.3,2.3
