"시점",제조업,음식료・담배,섬유・의류,종이・목재,출판・매체복제,화학,제약,비금속,금속,기계・장비,일반전기전자,의료・정밀기기,운송장비・부품,기타제조업,건설,유통,운송,금융,오락・문화,기타서비스,통신방송서비스,통신방송서비스,IT S/W & SVC,IT S/W & SVC,IT S/W & SVC,IT S/W & SVC,IT H/W,IT H/W,IT H/W,IT H/W
"시점",소계,소계,소계,소계,소계,소계,소계,소계,소계,소계,소계,소계,소계,소계,소계,소계,소계,소계,소계,소계,통신서비스,방송서비스,인터넷,디지털컨텐츠,소프트웨어,컴퓨터서비스,통신장비,정보기기,반도체,IT부품
"2001.01",2000.2,3509.1,2019.7,1661.8,2108.1,3419.9,1268.8,8921.5,2915.4,1214.1,4144.7,3816,2728.8,4070.7,78,1097.9,1112.2,418.1,0,2314.3,1571.8,1356.9,2002.1,1646.6,2352.7,1575.8,1752.9,1636.7,1576.3,1557.5
"2001.02",1945.1,3524.2,1748.6,1422.6,2256.4,3378.1,1414.3,8686.9,3038.2,1220.7,4074.8,3468.1,2720.7,3411.2,72.6,997,1033.1,400.6,0,2222.7,1232.6,1251.4,1702.4,1649.6,2310.9,1462.1,1657.1,1421.4,1550.1,1571.4
"2001.03",1705.7,3509.5,1671.5,1263.2,1821.8,2913.5,1158.5,7602,2747.7,1122,3469.8,2946.6,2502.2,2946.7,68.9,856.3,854.8,347.3,0,1848.2,1212.3,1095.7,1393.4,1553,1876.6,1161.2,1365,1162.5,1416.6,1408.3
"2001.04",1868.3,3519.3,1980.8,1279.6,2161.6,3137.7,1304.1,8541,2834.8,1233.3,3966.8,3051.4,2732,3066.8,69.8,1049.6,881.3,389.5,0,2286.6,1447.3,1314.7,1930.9,1981.9,2557.8,1378.5,1585.1,1306.7,1474.2,1530.2
"2001.05",1985.4,3636.5,2641.1,1388.6,2519.3,3621.3,1522.4,9248.3,3330.5,1357,3998.5,3120,2927.2,3169.8,80.3,1153,943,390.3,0,2471.8,1366,1490.5,2122.7,2069.8,2668.5,1500.7,1583.8,1372.5,1507.9,1558
"2001.06",1849.7,3780.9,2275.1,1182.8,2192.3,3438.6,1371,9417.9,2722.9,1310.3,3673.6,2961.1,3195,2958.6,79.8,1055.9,917.6,431.2,0,2329.7,1235.6,1462.9,1906.5,1756.1,2559.4,1425.8,1434.8,1174.7,1395.8,1480.5
"2001.07",1581.3,3289.2,1835.2,959.8,1825.8,2993.9,1170.3,8117.1,2384.8,1066.8,3304.9,2460.7,3438.2,2527.3,71.8,910.2,811.7,413.5,0,1963.1,1163.2,1307.3,1600.1,1385.1,2124.4,1196.5,1161.3,972.4,1065.6,1322.4
"2001.08",1383.3,3161.8,1509.6,811.7,1760.9,2658.4,1011.8,6420.9,2012.7,939.4,3013,2223,2693.7,1957.3,65.9,776.5,755.7,420.2,0,1755,1059.4,1270.4,1510.6,1455.6,1736,1052.4,1045.8,781.1,940.4,1159.8
"2001.09",1142.7,2891.9,1092,697.6,1594.2,2334.8,904.3,5089.9,1610.5,749.7,2289.4,1900.5,2376.7,1591.4,56.5,615.7,567.9,360.9,0,1469.2,891.3,1210.5,1123.8,1315.6,1381.3,809.3,900.2,592.8,691.1,869.3
"2001.10",1475.7,3629,1664.1,866.6,1759.3,2909,1058.1,6158.3,2134,947.2,2811.6,2358.7,3690.3,2068.2,68.6,745.4,604.4,400.8,0,1712.9,1109.4,1307,1202.5,1659.6,1593.8,964.2,1119.4,743.3,880.5,1079.5
"2001.11",1483.7,3770.1,1666.4,1002.3,1918,2730.4,1089.2,6209,2113.5,999.6,2864.3,2180.5,3294,2145.4,66.2,761.9,940.5,525.1,0,1684.5,1334,1523.4,1401.1,2019.1,1657.3,992.9,1224.2,779.7,944.5,1206.3
"2001.12",1438.6,3997.2,1583.6,957.5,1804.9,2629.3,996.8,6144.9,2104.6,963.8,2745.4,2215.5,3019.3,1978.2,64,757.3,1156.7,565,0,1582.7,1404.9,1903.9,1463.1,2052.5,1548.3,980.5,1227,721.5,987.2,1240
"2002.01",1474.8,4173.7,1609.5,944.9,1904.4,2660.8,1012.6,6698.5,2077.5,1025.8,2806.8,2152.3,3038.4,2367,67.8,788.6,1534.8,606.1,0,2018.6,1362.8,2324.4,1569.6,2582,1624.6,985.3,1373,798,1158.8,1410.6
"2002.02",1513.3,4390.8,1607.9,955,1871.3,2746,1072.9,7284,2005.3,1076.3,2935.4,2145.4,3241.5,2180.8,64,799.3,1615.9,598.4,0,2005.2,1373,2738.3,1642.5,2435.7,1489.6,956.7,1473,828.3,1246.5,1489.9
"2002.03",1784.7,4857.6,1739.8,1119.9,2094.5,3327.2,1253.7,8410.3,2141.1,1325.7,3906.1,2718.7,3877.6,2405.2,70.2,986,1674.5,640.7,0,2306.4,1616.9,3234.5,1961.3,3157,1621.6,1134.7,1893.1,1051.5,1475.5,1988.7
"2002.04",1412.6,4154,1439,804.3,1715.4,2529.7,951.9,6676,1735.4,976.9,3116.6,1976.8,3512.4,2115.7,58.1,749.8,1702.6,575.4,0,1740.3,1284.5,2980.1,1442.1,2639.5,1124,856.4,1312.5,696.7,1093.4,1540.2
"2002.05",1311.3,4378.8,1343.9,749.5,1524.2,2341.8,895.1,6184.2,1619.3,849.9,2892.6,1834.1,3213.4,2049.6,54.5,711.3,1358.4,597.7,0,1755.9,1303.4,2622.2,1520.2,1947.4,1060.1,738,1186.8,653,1016.2,1361.6
"2002.06",1157.3,4147.7,1179.9,706.2,1299.2,2093.4,772.6,5696.2,1469.5,722.8,2387.6,1538.8,2877,2101.3,46.7,591.3,1235.1,495.6,0,1722.5,1224.8,2514.6,1223.2,1615.6,792.1,581.6,884.3,523.8,822.9,1191.3
"2002.07",1111.6,3941.8,1076.6,643.2,1154.1,1974.4,874.1,5440.3,1413.2,702.6,2362.8,1630.9,2557.3,1706.6,44.8,596.8,1350.8,495.3,0,1733.9,1118.3,2546.1,1238.4,1420.9,777.8,553.9,831.8,480.3,812.3,1150
"2002.08",1147.2,3903.7,1097.6,660.3,1204.2,1999.7,951.2,5576.6,1461.1,722.6,2542,1667.7,2581.6,1827.5,46.1,635.9,1354.1,487.8,0,1626.3,1120.4,2587.3,1309.9,1469.9,785,550.5,874.6,492.2,783.9,1200
"2002.09",950,3403.6,912.2,600.8,1005.6,1637.8,753.5,4818.7,1219.9,598.9,1985.1,1316.5,2164.3,1624.5,38.6,516.1,941.3,371.3,0,1381,930.2,1907.4,1023.7,1084.7,564.7,392.5,646.7,378,593.8,905.5
"2002.10",1001.8,3301.9,920.1,618.5,967.2,1791.4,835.1,5076.7,1245.7,636.7,2167.6,1391.8,2496.2,1716.4,38.9,522.8,1031,366.9,0,1268.1,954.7,1820.4,1190.2,1114.1,607.4,406.5,676.5,425.6,663.1,1029.2
"2002.11",1011.4,3283.1,919,602.4,974.7,1832.6,941.6,5449.7,1227.7,627,2196.4,1397,2483.8,1638.1,36,544.5,1100.7,402.2,0,1452.5,1042.5,2033.7,1533.1,1368.7,604.2,414.7,693.9,447,670,1222.5
"2002.12",889.5,3011.8,819,542.1,820.4,1619.2,782.7,4929.8,1111.2,542.5,1849.9,1277.6,2201.9,1497,32.8,477.7,909.6,353.9,0,1202,868.2,1680.3,1392.7,1160.2,496.3,364.6,597.1,381.6,575.5,1037.7
"2003.01",843.4,2943.9,778.7,485.4,822.9,1518.7,731.2,4829.8,1040.1,514.9,1743.9,1183.5,2142.2,1400.3,29.9,456.5,886.2,330.1,1040.8,1301.7,796.5,1738.1,1618.1,1194.9,518.8,371.1,597.5,363.9,542.7,1020.3
"2003.02",840.4,2979.9,777.4,480.7,776.4,1530.4,737,4914.6,1045.2,503,1701.4,1240,2105.2,1390.6,29.9,453.9,994.8,276.2,1028.37,1274.6,745.9,1777,1637.1,1120.1,497.4,346.9,588.6,357.7,543,1020.7
"2003.03",753.7,2601.4,685,463.8,677.4,1414.7,648.1,4510.1,932,462.1,1478.4,1069.4,1947.7,1197.9,26.8,416.6,859.9,214.2,934.84,1168.3,731.3,1623.2,1776.3,980.6,451.5,277.9,480.6,297.3,472.5,924.4
"2003.04",848.5,2946.3,828,486.3,755.1,1577.5,755.8,4838.8,987,545.8,1613,1273.4,2165,1104.3,27.9,468,963.8,237.3,960.54,1220.2,816.5,1841.4,2588.6,1203.7,532.2,317.1,506.5,352.7,569.7,1019.9
"2003.05",937.2,3252.7,874.8,543.4,1014.2,1757.7,794,5357.5,1031.3,610.3,1824.2,1353.7,2444.7,1239.8,30.4,528.3,968.7,260.3,1155.37,1442.9,737.5,2048.5,3493.7,1805.7,587.4,370,548.8,375.9,711.3,1136.5
"2003.06",964.8,3300.9,900.4,522.7,926.1,1673.1,825.2,5959,1057.6,684.4,1886.9,1603.5,2333.4,1200.6,29.7,548.9,1104.8,275.4,1210.37,1508.4,794,1997.5,3714.8,1606.2,631.4,375.9,559.6,394.8,827.9,1318.7
"2003.07",972.1,3583,831.8,498.5,944.8,1631.6,793.9,6203.4,1091.2,676.8,1801.6,1843.4,2425.4,1225.3,29.2,490.8,1027.1,290.3,1162.53,1471.1,734.1,1793.1,4107,1586.6,576.4,352.1,566.9,371.5,859.2,1376.6
"2003.08",977.5,3637.3,757.7,476.4,841.1,1675,794.7,7463.8,1036,735.5,1773.9,1970.1,2307,1113.4,28.7,468.2,1089.5,311.3,1177.01,1483,745.2,1888.3,3882.8,1615,543.5,317.5,522.1,360.3,919.3,1482.5
"2003.09",901,3561.1,688.9,450.2,739.4,1601.5,703.3,6729.6,949.7,665.9,1644.7,1677.1,2217.4,1075.2,28.6,431.5,969.3,305.5,1010.42,1293.8,689.9,1737.2,3034.8,1585.4,498.2,286.5,455.3,328,832.7,1331.9
"2003.10",902.4,3639.1,676.5,437.7,786.7,1650.2,655,7639.1,928.2,666.9,1654.3,1657.7,2182.5,1024.2,28.5,418.2,1136.8,371.1,1055.12,1343.5,701.2,1605,3251.4,1628.5,479.9,270.8,448,330.8,863.2,1443.8
"2003.11",911.1,3987,677.4,454.1,742.2,1734.8,631,8211.6,967.9,644.9,1611.1,1588.8,2185.1,1048.9,27.7,428.4,1229.2,355.9,1010.31,1304.7,691.6,1556.8,3246.3,1509,451,265.8,453.4,318.1,882.8,1410
"2003.12",912.4,4033.2,652.2,455.1,743.8,1779.4,632.2,8585.6,961.6,655.4,1553.1,1522.6,2221.4,983,26.6,411.7,1233.9,317.7,979.72,1301.1,641.8,1713.1,3239.2,1564.5,443.7,261.5,440,323.2,828.9,1424.3
"2004.01",876.9,3662.8,595.5,440.8,695.4,1751,594.6,9170.7,934.3,660.6,1402.6,1551.7,2082.2,938.6,25.7,394,1153.5,306.1,888.16,1241.8,677.7,1423.4,3185.1,1510,431.5,246.7,436.1,290.8,854.6,1436.5
"2004.02",873.1,3679.3,561,502.2,721.1,1773.7,580.8,8550.2,930.5,648.4,1348.5,1667.8,2160.1,864.3,28.4,375.7,1235,302.5,908.56,1140.2,663,1340.8,2971.4,1423.4,404.2,243.6,423,277.6,825,1371.9
"2004.03",866.8,3620.7,568.7,450.8,776.9,1702.1,549.7,8677,940.5,647.4,1414.9,1700.1,1975,804.2,31,380.1,1252.2,304.7,888.25,1133.3,646.1,1446.1,3360,1306.7,394.8,252.2,431.6,298,844.5,1385.8
"2004.04",893.8,3438.8,565.5,432.2,780,1658.8,577.6,10078.6,1027.9,670.6,1567,1705.7,1927.3,777.9,33,390.3,1259.3,309.6,962.08,1101.8,590.9,1493.8,3856.3,1303.9,418.6,277.5,457.4,306,997.3,1502.6
"2004.05",792.78,3014.62,504.24,406.63,708.31,1499.67,505.1,8314.53,967.03,575.35,1396.08,1434.46,1723.38,773.08,31.85,357.98,1097,261.11,809.61,1045.93,585.76,1148.48,3754.17,1090.04,344.69,244.03,395.45,233.74,818.92,1319.39
"2004.06",753.68,2813.87,462.35,394.5,754.4,1434.58,485.33,8240.76,916.2,544.97,1263.25,1381,1670.43,686.16,28.89,341.02,1143.5,242.58,831.07,970.71,552.51,1257.16,3790.16,1095.1,316.21,226.92,378.29,232.43,739.38,1244.15
"2004.07",680.95,2601.43,444.01,385.06,703.09,1316.63,484.14,6582.21,858.19,456.34,1111.98,1141.04,1633.88,650.7,28.32,315.39,1056.59,236.88,719.55,942.43,530.21,1052.77,3148.94,881.97,269.25,213.94,322.75,162.52,569.58,994.23
"2004.08",716.51,2791.01,454.2,393.88,665.93,1365.88,537.12,7623.48,895.18,498.2,1121.54,1188.47,1665.1,686.45,29.75,317.92,1184.52,245.94,793.05,1006.66,618.68,1253.55,3329.2,976.22,284.07,212.31,321.15,170.85,640.23,1086.77
"2004.09",729.61,2773.42,412.97,406.95,705.87,1427.31,636.99,7893.59,945.1,493.19,1069.36,1119.92,1726.72,678.91,37.3,336.66,1187.61,254.18,767.4,1069.55,632.48,1290.09,3478.1,1004.9,268.29,218.84,312.35,163.47,671.88,1062.49
"2004.10",728.02,2769.09,398.48,421.34,592.95,1410.39,707.82,8057.66,952.61,513.18,1007.45,978.16,1750.48,662.29,41.45,324.87,1362.63,247.97,776.66,1159.62,666.05,1467.6,3241.78,960.67,255.04,204.25,292.63,149.97,684.11,982.16
"2004.11",781.1,2889.72,400.48,559.46,574.66,1416.09,777.92,8137.21,1099.53,551.68,1111.68,1068.37,1748.78,672.79,39.17,355.87,1615.8,274.98,800.6,1178.77,652.93,1604.45,3211.63,1092.09,258.93,211.74,291.95,156.55,717.25,1056.28
"2004.12",811.33,3039.15,401.77,766.91,582.02,1453.4,975.96,8349.33,1086.59,543.7,1096.68,1076.92,1809.3,700.07,38.09,347.6,1694.48,283.84,757.19,1308.05,667.22,1804.21,3173.25,1113.96,269.08,206.68,290.13,166.18,725.06,1031.53
"2005.01",1067.48,4096.24,491.59,1047.45,717.55,1957.16,1395.15,10688.46,1413.25,730.53,1401.67,1428.27,2217.4,689.13,42.09,421.45,1948.22,435.85,801.05,1486.37,762.15,1983.72,3405.52,1370.33,370.54,312.11,447.96,194.24,918.89,1197.07
"2005.02",1178.55,4500.13,595.25,1204.48,830.72,2199.9,1567.28,11264.51,1704.16,744.97,1519.7,1483.9,2669.32,745.84,49.73,447.37,2262.4,447.92,804.58,1543.84,723.37,2277.48,3499.57,1336.19,399.73,293.08,443.36,187.05,989.85,1274.05
"2005.03",1084.19,4332.86,577.99,1219.07,908.31,2041.74,1432.91,11359.23,1515.67,646.05,1350.46,1269.75,2540.07,731.77,48.41,433.92,2044.05,397.29,741.46,1479.77,640.75,2294.05,3316.41,1240.04,329.33,274.14,388.68,159.64,857.77,1180.65
"2005.04",1046.13,4163.32,558.98,1177.53,858.23,2120.42,1393.36,10238.36,1453.16,608.87,1325.42,1155.34,2492.83,749.54,48.85,422.99,1860.07,333.49,711.37,1453.27,587.07,2309.76,3183.52,958.85,299.9,233.03,362.31,136.51,776.19,1080.28
"2005.05",1172.85,4798.87,589.34,1561.56,1185.12,2188.2,1716.34,10160.66,1559.6,667.8,1477.49,1234.15,2681.56,741.31,48.45,449.27,2044.72,405.42,779.8,1555.74,613.21,2337.84,3702.77,1101.23,374.73,280.52,408.56,142.07,872.31,1181.52
"2005.06",1273.55,5529.55,758.99,1360.96,1287.35,2322.43,2146,11833.46,1680.28,681.38,1463.81,1362.45,2763.79,891.61,53.38,532.91,2203.76,456.91,846.04,1781.74,630.21,2413.4,3847.96,1253.53,391.96,302.99,432.65,155.48,899.19,1180.86
"2005.07",1375.17,6172.42,841.11,1363.29,1363.62,2497.92,2336.33,12762.67,1855.92,685.95,1606.36,1611.82,3238.25,1051.16,58.6,614.6,2367.33,493.43,861.31,1827.73,713.37,2788.56,4456.77,1364.62,432.85,356.3,475.96,185.23,913.79,1191.39
"2005.08",1236.97,5384.13,851.19,1130.74,1138.21,2360.86,1907.8,12218.89,1804.94,600.71,1468.93,1451.73,3147.65,1016.98,59.3,549.67,2102.46,455.32,809.21,1671.4,690.19,2744.75,4600.18,1184.61,372.95,329,430.85,149.03,860.49,1108.56
"2005.09",1447.42,6361.62,904.69,1287.54,1245.67,2575.12,2576.85,13756.87,2194.98,671.28,1613.9,1595.81,4208.58,1081.08,61.15,663.78,2487.12,530.24,913.41,1850.87,728.2,3087.88,5695.81,1347.59,393.01,370.66,483.42,151.62,916.92,1231.42
"2005.10",1489.56,6196.04,960.57,1212.93,1343.29,2706.67,2618.22,14400.81,2314.02,686.4,1536.19,1600.92,4309.79,1389.19,75.12,665.71,2385.15,602.68,879.82,1976.42,685.36,3129.04,5882.31,1520.18,440.66,403.29,490.21,156.38,887.27,1235.32
"2005.11",1727.96,6822.29,1169.05,1379.11,1513.8,3271.18,2838.26,18841.29,2623.56,766.85,1792.28,2461.79,6027.21,1367.77,85.58,824.37,3018.07,752.5,1096.61,2279.53,787.79,3676.58,8163.89,1868.02,586.45,521.97,561.38,189.94,1090.4,1517.58
"2005.12",1538.67,6348.32,1217.52,1053.02,1405.72,3109.73,2055.57,15191.26,2376.74,698.33,1672.75,2084.43,5817.06,1189.45,75.86,797.29,3508.42,729.89,980.58,2244.94,794.63,4054.37,9129.86,1841.88,585.84,525.94,604.19,187.07,1114.79,1501.1
"2006.01",1518.64,6279.21,1220.41,1030.46,1390.5,3233.99,1918.28,17286.51,2378.43,674.84,1631.15,1983.1,5463.92,1302,78.41,774.36,3606.73,666.4,1035.06,2066.77,839.59,3889.88,9666.02,1670.74,542.75,544.7,573.74,195.36,1052.9,1434.39
"2006.02",1519.59,6135.17,1269.15,1275.39,1349.92,3195.74,2096.63,18011.41,2380.05,658.97,1630.76,1963.32,5003.24,1195.69,76.48,747.54,4253.67,668.06,1002.36,2187.78,859.05,3512.03,9289.5,1607.66,528.14,522.1,580.95,201.58,995.12,1398.12
"2006.03",1476.06,5864.44,1342.83,1199.25,1249.14,3076.7,1941.07,19112.44,2358.97,647.87,1535.33,1827.21,4917.36,1260.65,81.44,709.63,4324.5,632.08,982.76,2131.29,886.21,3255.09,9932.18,1713.53,454.31,534.47,536.11,199.49,924.2,1289.83
"2006.04",1467.16,5600.54,1441.21,1264.06,1221.82,3258.49,1724.43,16942.13,2484.83,649.71,1519.8,1713.19,4993.21,1112.88,89.49,717.22,4516.56,696.74,996.35,2204.64,1087.07,3343.31,11293.92,1774.94,472.13,526.68,517.02,175.11,956.9,1246.68
"2006.05",1342.81,5049.98,1196.04,1192.63,971.24,3017.78,1595.74,15995.3,2224.59,611.7,1422.56,1646.35,4663.84,1057.2,85.13,645.57,4620.95,585.43,935.49,2057.83,1217.99,2806.72,9929.99,1466.12,439.56,467.28,447.05,147.42,882.94,1163.53
"2006.06",1262.72,4905.02,1233.8,1152.23,883.98,2794.34,1575.96,13575.22,2161.68,558.55,1237.92,1541.13,4753.57,833.15,77.22,614.01,4032.73,549.84,877.58,2009.16,1139.92,2566.85,10370.34,1284.24,413.43,414.3,407.67,129.15,792.8,1067.12
"2006.07",1226.41,4594.91,1282.84,1083,812.51,2684.68,1532.29,12151.78,2243.67,542.25,1094.68,1510.9,4824.24,745.01,76.87,564.02,3663.75,533.32,818.77,1855.84,986.08,2563.65,9901.87,1164.64,386.97,402.04,384.02,107.29,730.31,1024.6
"2006.08",1259.97,4656.29,1150.09,1070.4,792.08,2784.62,1678.73,13350.48,2361.07,571.13,1090.03,1541.97,4734.23,682.44,76.97,574.56,3524.75,554.82,757.63,1916.32,1096.62,2563.53,8974.57,1242.62,390.42,437.14,431.79,110.05,770.18,1087.67
"2006.09",1316.03,4789.28,1179.13,1098.29,950.11,2920.47,1663.19,13181.51,2415.58,598.54,1137.34,1603.23,5000.61,935.77,81.65,581.74,3923.65,566.23,789.41,2046.92,1137.61,2728.63,9680,1273.11,401.78,447.71,469.21,114.86,822.01,1098.83
"2006.10",1302.72,4557.18,1142.51,1065.79,994.69,2964.62,1650.6,13106.07,2555.69,577,1073.7,1429,4882.88,919.44,84.1,584.51,3528.23,558.53,736.17,2041.8,1153.81,2759.73,9501.41,1181.7,401.94,431.74,436.43,109.38,786.55,1030.03
"2006.11",1408.76,4861.43,1462.95,1162.62,1186.95,3276.31,1887.85,14783.9,2793.03,582.04,1074.43,1492.4,4795.24,908.52,97.71,613.03,3800.87,535.15,739.69,2172.74,1169.81,2870.35,10326.48,1275.11,413.46,461.33,459.63,113.23,836.41,1071.45
"2006.12",1347.07,4858.27,1359.77,1147.41,1177.11,3154.43,1721.87,13834.25,2722.42,561.81,962.09,1390.26,4485.85,874.67,95.02,616.76,4075.85,470.58,735.08,2129.72,1117.41,2898.64,10572.37,1264.49,402.06,460.73,458.47,107.42,796.99,988.74
"2007.01",1291.98,4825.59,1298.31,1213.86,1029.28,3019.65,1557.32,13046.8,2611.65,540.83,978.61,1467.18,4241.76,820.78,89.85,592.63,3871.84,474.21,687.04,2019.11,1087.29,2551.68,10579.89,1110.24,379.05,452.16,412.72,100.93,724.97,914.82
"2007.02",1371.87,5037.27,1280.57,1242.15,977.62,3214.71,1596.32,13151.25,2861.7,588.02,992.7,1708.23,4660.77,876.33,95.72,602.01,3849.6,545.94,635.7,2068.69,1193.9,2572.91,11248.63,1093.03,392.29,444.19,419.7,97.83,769.38,925.54
"2007.03",1522.14,5402.36,1306.14,1338.7,997.41,3432.22,1696.34,14416.49,3266.36,683.69,1096.62,2157.71,5093.82,888.57,104.5,609.63,4226.27,589.24,659.41,2266.03,1215.31,2557.7,11851,1251.18,419.81,467.74,446.02,112.51,880.97,990.24
"2007.04",1602.78,5744.55,1219.52,1345.37,1099.92,3735.45,1691.98,15904.53,3740.34,659.48,1237.4,2284.16,5498.08,973.71,116.75,644.91,4519.09,619.65,679.01,2365.2,1206.52,2758.55,12382.15,1216.41,407.01,483.55,468.43,107.11,983.6,977.31
"2007.05",1827.91,6202.01,1187.56,1450.94,1120.68,4205.75,1953.16,18667.62,4843.45,720.06,1416.74,2627.9,6185.58,951.66,147.87,708.77,5240.65,719.17,737.97,2601.95,1221.87,2763.73,14162.86,1271.09,415.89,500.53,512.08,109.22,1094.55,1047.07
"2007.06",1920.58,6169.47,1241.19,1219.54,1198.4,4317.87,2102.12,24472.86,5427.11,722.67,1404.87,2376.96,7184.09,971.38,139.88,735.79,5319.36,761.99,864.65,2799.97,1223.84,3004.07,13801.55,1371.51,417.96,485.13,531.28,108.79,1227.43,1170.96
"2007.07",1992.68,6720.3,1304.69,1139.09,1131.48,4326.37,2101.51,30072.89,5820.19,745.81,1401.49,2295.04,7740.44,1092.49,149.36,749.77,6067.02,880.38,891.13,2950.67,1185.43,3179.96,14019.79,1472.72,418.52,514.48,561.94,108.49,1292.35,1218.31
"2007.08",1863.96,6484.56,1195.14,1037.04,1011.12,4005.88,1937.71,25103.65,5635.69,689.94,1319.06,2235.59,7070.9,1032.08,166.33,722.45,5598.99,806.36,835.08,2994.47,1151.15,2977.68,14475.08,1344.82,386,489.19,523.32,103.72,1203.5,1159.86
"2007.09",1905.19,5917.64,1259.39,1045.62,1031.65,4015.79,1892.06,23454.69,6329.5,687.11,1267.06,2303.57,6909.67,995.44,160.53,721.63,5457.95,811.53,825.84,3252.72,1169.92,2924.02,16446.07,1407.87,378.93,490.27,507.64,95.08,1235.67,1176.06
"2007.10",1894.87,5266.56,1092.27,1013.54,1024.57,3961.88,1830.23,24007.18,6838.38,678.58,1079.87,2299.77,6483.28,911.72,155.97,738.15,5679.78,818.1,747.42,3633.23,1188.58,2757.49,21246.74,1214.57,355.42,507.98,472.3,78.4,1165.74,1115.21
"2007.11",1737.71,4818.84,917.84,875.19,907.35,3713.09,1859.86,23778.51,6111.85,625.15,964.09,2106.99,5723.67,912.87,156.43,670.04,4942.01,724.35,663.32,3298.3,1343.73,2463.96,19474.57,1119.24,328.77,440.32,454.4,70.81,1014.64,926.85
"2007.12",1675.95,4946.14,898.06,969.7,837.45,3627.59,1925.49,23739.32,5638.7,617.7,927.88,1905.76,5506.19,833.86,152.81,623.33,5109.46,700.5,660.92,2959.11,1256.31,2320.55,17217.8,1133.3,309.02,432.07,441.61,67.34,977.41,887.4
"2008.01",1424.21,4569.31,785.94,953.78,754.66,3191.49,1665.6,20687.1,4408.9,556.39,807.17,1455.52,4457.67,821.26,135.03,522.93,4240.25,617.04,588.09,2819.69,1177.83,2251.5,14943.54,940.1,264.95,364.13,370.56,62.82,789.69,767.57
"2008.02",1590.92,4897.42,837.72,980.1,806.79,3329.96,1879.63,21405.71,5240.92,629.89,928.76,1655.18,4783.41,818.16,144.36,560.63,4177.63,686.17,595.08,3188.7,1162.36,2327.18,15863.42,968.66,273.94,383.34,397.27,60.61,896.47,824.27
"2008.03",1533.22,4653.04,771.59,912.77,830.58,3277.09,1994.44,19747.67,4805.09,608.1,898.05,1546.13,4812.66,793.68,137.99,555.12,3732.54,679.25,511.28,3100.13,1113.5,2489.23,16391.08,920.07,266.53,362.03,389.63,58.3,932.83,848.95
"2008.04",1591.42,4614.06,803.31,888.47,834.64,3135.69,2000.3,18961.16,5544.88,616.7,842.58,1520.64,5180.27,819.94,133.12,566.34,4034.87,621.05,512,3044.62,1003.45,2367.03,16352.46,886.25,272.9,347.69,382.71,60.62,923.98,893.35
"2008.05",1678.19,4830.12,798.32,964.36,831.92,3267.49,1901.8,18980.34,6235.08,672.15,859.13,1422.29,5479.34,797.65,129.65,566.76,4552.65,602.59,503.95,3126.98,1037.49,2461.45,15253.67,922.14,278.05,328.69,364.48,58.03,941.17,903
"2008.06",1539.58,4537.06,661.93,959.07,770.21,3014.5,1791.54,18925.47,5626,617.51,707.16,1349.59,5088.19,787.3,112.44,536.05,4106.54,537.48,475.3,2748.37,965.01,2429.3,13521.81,827.75,253.34,291.78,316.69,55.25,820.61,826.11
"2008.07",1424.23,4173.02,641.35,943.4,708.97,2595.18,1541.17,18325.31,5316.4,590.36,649.67,1249.42,4766.73,719.39,111.07,515.2,3989.54,502.96,416.73,2385.51,896.31,2398.21,12429.36,701.24,223.9,266.88,285.27,52.76,747.92,718.89
"2008.08",1230.57,3714.58,506.72,809.78,491.87,2256.17,1415.5,17225.23,4541.83,507.5,564.54,1088.74,4049.9,708.25,93.81,439.05,3732.75,426.55,335.49,2121.2,882.97,2388.44,11086.09,621.7,195.15,213.04,248.99,41.49,628.79,637.43
"2008.09",1145.31,3735.11,481.62,778.52,477.86,2080.49,1361.64,16609.64,4180.72,465.01,546.69,925.99,3910.9,629.53,98.75,398.11,3466.93,407.46,310,1887.15,739.92,2372.64,10641.36,594.42,185.38,202.04,236.79,38.28,618.51,591.05
"2008.10",750.7,2707.34,258.39,537.06,332.52,1453.58,908.26,11289.51,2643.36,286.34,353.96,603.42,2668.02,495.29,54.38,276.79,2427.99,341.02,199.63,1353.1,650.15,1595.98,8997.86,395.77,115.36,134.98,164.73,25.1,404.92,400.44
"2008.11",773.16,2900.63,257.51,528.32,388.89,1462.25,972.57,10513.28,2862.64,287.42,352.05,579.47,2214.93,474.38,59.43,280.11,2197.3,384.22,224.53,1422.77,616.46,1540.46,8254.13,451.67,113.39,138.9,156.59,23.86,388.8,388.66
"2008.12",846.09,3248.19,229.75,526.43,384.79,1572.39,1139.46,10817.36,3237.65,296.66,382.75,631.95,2300.6,505.39,73.37,284.26,2224.41,399.4,223.9,1602.16,635.59,1617.25,9064.12,481.89,119.99,147.5,173.71,22.44,421.06,410.09
"2009.01",963.27,3381.91,229.86,585.58,444.98,1671.45,1257.99,11149.75,4088.18,323.19,418.65,661.37,2590.55,528.02,71.38,302.72,2251.19,449.14,226.36,1632.93,700.79,1682.77,10021.19,512.81,126.68,152.7,179.22,23.66,493.08,465.79
"2009.02",933.22,3081.2,260.67,645.01,407.05,1631.97,1277.03,11237.07,3650.82,338.45,466.22,654.48,2530.87,505.69,67.7,299.92,2319.95,414.74,216.13,1698.76,599.07,1730.84,9302.93,536.03,129.1,142.93,177.05,22.39,565.2,500.6
"2009.03",1080.29,3623.03,286.85,719.19,407.35,1920.04,1618.25,12015.37,4019.03,398.17,493.63,763.44,3178.67,554.54,80.27,315.79,2658.4,477.77,225.42,1929.21,601.56,1883.77,10285.13,628.28,145.63,161.58,201.33,25.06,710.86,653.68
"2009.04",1265.82,3986.31,389.14,901.63,508.89,2394.43,1892.2,13656.88,4677.28,441.14,618.45,918.83,3856.5,622.95,99.49,396.16,3140.35,560.21,243.78,2138.21,707.8,2385,11999.88,786.75,194.09,201.1,243.21,35,768.89,830.1
"2009.05",1350.78,4239.45,363.56,875.68,591.3,2348.06,1939,13238.69,5372.08,468.48,660.36,954.54,3969.53,757.78,103.73,442.51,3609.93,530.74,256.29,2242.95,719.14,2535.38,13287.24,928.44,204.97,221.59,241.32,35.86,797.17,839.05
"2009.06",1215.56,4034.01,356.7,782.84,685.27,2106.73,1879.27,13425.4,4335.86,418.5,575.81,928.49,3798.9,699.81,87.83,395.63,3454.26,512.79,260.17,2257.47,652.85,2180.02,12720.35,827,177.56,207.18,230.7,32.78,734.73,777.82
"2009.07",1239.54,4011.42,373.21,838.61,660.26,2261.21,1914.24,13309.9,4355.73,416.94,603.83,958.28,4106.7,753.85,91.94,411.11,3431.24,561.07,271.48,2323.46,682.67,2227.37,12626.33,881.82,207.32,216.5,241.32,33.05,794.98,808.07
"2009.08",1252.51,4321.31,398.54,852.08,639.69,2619.34,2009.62,12991.77,4102.82,417.31,572.77,934.58,4226.87,693.23,96.99,424.95,3195.22,541.51,256.72,2308.31,661.36,2426.43,11933.87,835.48,201.75,208.3,228.57,31.47,938.13,863.95
"2009.09",1189.38,4118.08,336.63,777.13,673.41,2332.82,1861.29,12609.5,3931.82,410.79,575.62,881.02,4009.18,685.5,95.9,412.75,3159.99,501.41,299.66,2231.15,686.44,2530.16,12603.53,896.08,201.11,209.25,225.02,32.04,951.65,848.39
"2009.10",1177.9,4235.83,388.33,749.08,598.93,2265.39,1800.01,12681.73,4060.14,402.41,560.95,852.78,3787.15,631.94,90.26,382.22,3036.17,469.46,245.26,2143.71,650.69,2587.87,12146.09,828.78,193.39,196.44,213.8,26.72,914.21,805.21
"2009.11",1111.96,4234.42,295.45,730.79,501.64,2164.44,1611.76,12939.83,3926.58,372.8,551.77,760.35,3976.85,686.09,87.74,358.71,2799.29,446.53,234.88,2117.68,595.78,2629.23,13127.52,862.41,180.57,185.98,206.64,24.42,868.09,737.23
"2009.12",1194.32,4483.63,265.5,758.59,565.45,2391.81,1742.81,13079.92,3973.34,424.16,636.61,849.95,4408.68,751.07,94.68,367.43,2849.99,490.89,232.61,2185.83,636.67,2633.43,16819.69,964.7,229.51,205.42,250.71,30.24,995.79,865.3
"2010.01",1167.3,4029.82,260.6,768.22,571.7,2250.28,1750.45,12379.45,3862.98,410.82,703.4,852.39,4170.05,778.48,85.67,360.08,3050.26,453.96,228.06,2062.77,691.23,2287.55,16783.72,850.88,220.15,215.16,231.75,28.46,956.27,870.11
"2010.02",1197.3,4096.9,263.55,762.91,654.73,2319.07,1832.65,13345.12,3843.25,410.28,739.81,903.17,4430.62,806.07,82.57,370.35,3101.06,468.36,214.81,2091.97,705.91,2378.46,16916.06,887.66,233.76,234.81,240.97,28.98,937.37,881.15
"2010.03",1234.41,4125.59,283.44,837.14,705.33,2388.32,1884.77,15234.8,3865.43,436.2,734.17,889.09,4687.45,868.56,82.84,369.28,3492.37,448.05,219.34,2065.13,742.01,2368.58,15547.36,867.08,223.55,226.45,231.95,25.95,1040.16,911.84
"2010.04",1243.27,4394.04,274.54,826.76,697.44,2498.31,1903.85,14667.56,3775.49,460.46,716.41,814.44,4752.86,848.1,76.22,366.72,3375.85,451.63,207.13,2041.59,730.43,2507.84,17150.9,900.79,214.15,217.17,223.96,24.84,1183.46,909.23
"2010.05",1149.91,4416,225.69,753.23,770.41,2291.8,1815.57,15841.59,3071.4,437.17,702.7,744.57,4814.68,799.7,70.16,343.94,2881.19,407.28,197.95,1918.1,752.5,2550.81,17194.11,848.83,184.68,185.15,206.18,22.82,1147.23,835.05
"2010.06",1152.81,4628.22,215.41,749.18,802.86,2297.41,1829.15,18357.46,3088.66,442.37,617.97,711.03,4787.39,807.32,68.39,352.79,3011.68,403.51,200.44,1938.62,749.32,2675.74,18203.7,816.99,182.73,187.88,198.48,22.46,1166.8,810.87
"2010.07",1141.75,4687.97,208.38,784.1,799.02,2276.36,1772.21,18797.76,3147.58,422.57,618.83,726.41,4749.17,809.54,66.52,343.86,3668.43,401.64,188.81,1887.54,686.23,2930.16,17546.47,789.15,175.1,203.85,198.47,20.95,1117.08,796.11
"2010.08",1137.32,4912.37,216.26,865.36,903.76,2162.49,1846.98,20874.61,2997.37,429.21,578.37,698.91,4458.99,768.91,70.51,314.64,3435.31,391.28,187.04,1837.79,691.77,3153.99,15742.08,745.26,165.71,208.38,192.81,13.52,1003.19,779.48
"2010.09",1224.15,4920.38,218.38,872.92,898.32,2374.71,1957.04,25081.93,3381.15,454.98,580.64,709.24,5086.79,821.47,74.84,321.84,3782.28,397.33,200.43,1869.26,706.35,3171.33,17197.8,817.75,169.42,241.7,192.93,13.27,1091.28,807.2
"2010.10",1329.17,5221.42,246.47,879.22,1052.79,2544.72,2134.79,26309.54,3470.99,527.14,630.21,769.09,5671.73,802.73,81.87,346.62,3811.83,411.82,215.46,1944.75,718.02,3513.3,18005.66,885.07,183.23,230.22,214.41,13.7,1115.91,892.77
"2010.11",1268.39,5019.91,237.74,777.9,971.56,2348.7,2359.48,26363.21,3063.56,492.55,563.05,684.53,5141.33,778.87,74.18,318.68,3318.38,389.72,208.14,1851.46,708.41,3471.91,16921.68,898.46,171.99,210.89,193.27,11.96,1066.32,818.36
"2010.12",1303.18,5584.41,218.32,830.17,949.74,2403.61,2407.86,27391.04,3150.75,508.27,563.04,737.12,5169.67,800,82.95,332.04,3538.84,392.45,198.57,1815.91,714.68,3277.69,17373.21,875.85,174.4,225.3,197.84,11.55,1116.85,858.99
"2011.01",1334.7,5956.85,220.45,785.2,987.09,2362.24,2453.02,24702.75,3071.9,567.49,548.64,752.72,5549.32,761.73,87.87,338.55,3231.65,390.25,206.79,1909.49,668.85,3644.92,17247.73,838.46,168.79,214.72,195.31,11.65,1167.78,888.73
"2011.02",1285.68,5456.54,231.75,762.76,964.22,2278.76,2347.93,23757.77,2823.7,579.78,514.37,724.54,5279.15,774.42,79.64,330.81,3171.45,360.41,213.19,1839.66,621.97,3431.98,17751.15,817.69,157.61,193.35,178.55,10.66,1203.81,849.89
"2011.03",1372.63,5957.06,239.26,798.17,868.19,2527.31,2535.47,27993.59,2968.68,620.35,478.6,756.43,5810.44,834.79,85.61,341.79,3174.65,364.7,223.71,1756.33,646.71,3584.67,18164.94,883.85,165.38,198.66,176.26,11.01,1264.75,856.94
"2011.04",1378.97,5770.13,227.88,894.91,969.54,2615.82,2561.02,30177.47,2953.76,601.23,476.4,709.54,6132.24,888.35,85.35,328.37,3205.44,349.3,247.53,1671.89,585.64,3736.78,18818.23,869.01,164.24,191.58,163.12,10.77,1139.4,818.78
"2011.05",1316.63,5581.96,198.46,765.29,923.3,2474.33,2464.44,29160.66,2885.86,567.77,424.57,662.33,6008.36,848.96,81.42,309.29,3002.35,340.48,257.22,1681.1,560.28,3863.07,17740.06,812.94,156.33,178.28,152.22,10.38,1035.57,747.38
"2011.06",1341.53,5503.78,192.96,978.47,1014.71,2397.6,2815.25,30193.11,2876.86,528.96,423.22,650.09,6063,870.89,78.75,312.42,2972.41,334.36,256.26,1662.64,562.9,3499.64,19452.01,826.52,148.67,177.94,142.18,10.47,1000.23,689.54
"2011.07",1527.53,5962.88,220,1096.72,1212.16,2705.32,3336.76,34658.77,3260.46,618.94,431.75,794.6,6035.97,928.29,86.88,347.15,3984.8,344.16,285.98,1771.43,608.7,3963.88,22689.18,1006.38,161.31,200.9,152.77,11.07,1080.04,747.97
"2011.08",1413,5328.36,190.58,1001.38,1477.02,2407.04,3278.84,34420.55,2863.98,558.11,372.19,731.48,5208.97,862.95,76.73,331.72,3599.97,328.94,318.35,1806.85,515.79,3823.05,22593.93,1065.4,154.64,179.51,135.23,9.77,884.69,628.42
"2011.09",1271.82,4546.07,173.97,897.02,1489.79,2058.03,3131.14,31145.94,2403.5,497.74,319.09,568.18,4998.69,718.38,65.62,300.84,2557.01,314.4,320.03,1545.58,482.39,3553.52,23744.1,1099.02,145.15,164.12,122.48,9.43,774.72,563.11
"2011.10",1345.14,5030.89,195.71,988.09,1692.59,2275.32,3093.45,31462.53,2670.89,520.59,349.82,653.48,5395.63,739.21,68.72,329,2923.6,323.49,322.52,1633.19,533.31,3840.64,23156.41,1177.64,173.65,205.6,135.26,9.75,895.99,682.99
"2011.11",1348.08,4924.16,208.93,860.96,1613.38,2277.93,3024.6,31076.44,2719.52,553.26,341.18,717.84,5014.29,767.59,67.19,329.51,3294.85,337.06,293.91,1510.45,494.61,3666.45,23122.26,1129.56,200.52,220.62,136.58,9.8,924.67,702.12
"2011.12",1407.88,5448.25,239.03,915.76,1608.57,2455.88,3177.14,34044.96,2765.65,576.35,381.69,749.72,4775.68,827.59,69.22,355.28,3332.03,353.64,296.3,1487.63,495.27,3579.1,19590.39,1029.31,227.29,224.06,132.87,9.8,913.64,702.18
"2012.01",1425.74,5380.39,238.08,1076.68,1738.3,2564.08,3139.58,32722.55,2894.78,574.74,399.02,728.88,4885.47,872.97,70.92,356.59,4272.94,377.05,342.83,1569.52,492.89,3722.45,22354.87,1038.49,227.1,213.99,140.36,10.82,969.35,733.55
"2012.02",1509,5856.64,257.59,1282.39,1844.49,2671.6,3013.52,32744.06,3287.14,629.83,456,777.17,5480.1,904.94,79.56,361.66,4644.47,412.81,338.09,1649.03,540.68,4033.64,20782.78,1068.29,230.62,222.88,153.88,11.52,1032.85,803.13
"2012.03",1439.1,5544.73,241.22,1234.93,1771.11,2613.39,2992.46,27616.86,3061.9,580.71,447.52,740.91,5286.27,952.92,80.01,365.63,4420.01,409.33,337.86,1563.5,530.5,3688.58,20820.84,1072,232.58,205.5,143.55,11.05,945.65,761.76
"2012.04",1323.29,5172.62,221.55,1002.33,1557.53,2313.26,2690.96,26599.81,2825.17,546.36,411.34,702.97,5113.32,893.68,73.67,334.3,3679.3,414.62,344.71,1463.82,500.55,3033.11,17642.99,980.28,220.34,201.56,137.58,10.57,844.43,725.37
"2012.05",1327.65,4960,209.4,982.91,1435.13,2242.09,3172.17,24797.89,2515.92,523.81,413.84,672.4,4958.38,854.22,70.98,322.13,3731.09,433.34,373.23,1360.49,450.55,2993.33,16570.88,1053.68,206.51,202.49,130.04,9.85,829.95,683.13
"2012.06",1357.85,5163.55,218.35,1000.24,1551.55,2353.14,3141.44,25468.54,2623.35,520.46,455.48,737.22,5213.93,855.77,71.11,348.38,4069.06,472.49,419.28,1410.75,469.56,2966.79,16975.76,1078.82,214.99,218.28,131.61,10,843.39,723.4
"2012.07",1285.7,4817.62,199.74,998.24,1413.51,2192.57,3003.14,24356.24,2494.7,486.46,434.55,737.41,4846.1,843.77,72.8,344.8,4143.52,453.98,405.5,1373.91,464.44,2855.1,17371.65,987.08,211.73,224.11,124.79,9.92,769.31,702.87
"2012.08",1401.73,5363.88,197.93,1080.12,1580.98,2369.33,3359.6,24683.38,2728.96,527.51,474.89,864.97,4891.82,884.17,74.45,358.33,4697.82,452.21,478.14,1460.85,511.11,3285.25,19015.55,1161.81,228.78,261.31,131.16,10.93,798.35,770.12
"2012.09",1425.81,5811.8,200.62,1102,1721.13,2361.68,3329.79,24542.5,2878.63,524.56,463.35,951.78,5111.66,938.03,78.53,368.28,4591.79,488.22,559.76,1597.14,571.94,3437.38,20623.54,1230.09,213.78,242.64,136.03,11.08,778.16,817.51
"2012.10",1375.9,5898.41,188.4,1097.32,1578.11,2345.14,3275.77,26441.81,2721.25,485.48,421.7,974.13,4536.47,993.85,72.18,355.84,4536.52,453.79,551.72,1573.05,591.62,3627.6,17874.15,1166.79,213.77,228.98,140.86,11.24,712.75,829.92
"2012.11",1326.24,5585.65,182.66,1040.26,1395.19,2345.53,3155.43,23727.86,2590.45,463.07,404.6,967.67,4569.42,976.01,69.88,352.35,4482.09,424.86,497.77,1490.35,643.23,3767.92,16152.61,1082.84,213.23,202.53,139.95,10.79,712.48,913.44
"2012.12",1336.44,5360.66,178.28,1067.59,1357.35,2275.65,3361.57,23390.28,2562.34,469.67,379.83,936.98,4432.92,963.83,66.92,337.09,3993.39,434.04,473.07,1514.28,633.87,3787.72,16478.09,1008.71,209.45,203.91,140.79,10.5,721.91,904.85
"2013.01",1349.53,5820.67,189.25,1122.58,1303.49,2132.53,3356.2,25867.77,2522.51,487.67,416.19,998.32,4373.39,938.41,72.74,331.63,4444.99,471.44,484.24,1512.51,671.25,4289.3,17401.45,950.48,216.08,205.85,145.49,11.3,750.05,879.46
"2013.02",1434.17,5861.08,206.14,1148.2,1359.87,2256.08,3644.91,23800.49,2657.7,528.34,401.47,1081.43,4759.05,932.92,69.45,351.97,4395.5,484.93,498.72,1607.49,644.87,4596.28,17063.27,1053.09,231.9,234.9,151.09,12.04,797.05,985.99
"2013.03",1497.81,6665.93,197.36,1219.69,1413.12,2317.53,3812.26,24223.4,2681.98,550.96,419.43,1170.8,5068.2,1062.88,70.85,368.43,4201.93,503.91,543.01,1663.64,610.01,4468.38,18028.09,1070.27,240.19,244.58,156.84,12.07,834.74,1005.56
"2013.04",1446.28,7622.12,211.14,1260.93,1402.22,2325.42,3237.59,23257.41,2709.09,545.46,435.36,1274.71,4954.67,1127.25,71.31,391.11,3892.81,502.93,544.63,1693.17,723.28,4907.47,18469.74,1101.52,253.81,237.84,158.84,12.77,856.83,1093.62
"2013.05",1472.3,7420.43,211.73,1199.68,1485.82,2361.46,3330.47,24112.34,2805.94,537.32,477.62,1238.68,5250.59,1114.57,77.95,401.05,4257.7,509.81,557.76,1681.08,715.98,4908.67,17464.63,1159.9,259.62,251.36,161.25,13.7,915.52,1125.38
"2013.06",1329.02,6759.14,177.25,1048.25,1383.2,2101.37,3102.63,22774.08,2579.71,450.51,432.05,1068.49,4936.04,988.51,71.54,361.99,4018.26,480.54,513.56,1555.31,686.77,4934.58,15770.34,961.23,235.83,220.52,151.71,12.21,811.08,940.54
"2013.07",1478.8,6487.84,179.89,1111.24,1374.79,2256.84,3905.94,26015.79,2712.7,480.11,439.03,1138.48,5179.05,1032.68,73.12,380.59,4040.98,487.17,516.88,1689.99,728.9,5253.27,16965.8,1042.64,247.28,232.34,160.19,13.09,834.49,944.58
"2013.08",1355.1,6062.73,174.07,1165.41,1267.67,2142.46,3174.92,26058.35,2644.44,455.52,419.94,1074.12,5273.94,972.75,73.54,355.13,4380.78,480.12,488.75,1603.65,685.31,4840.6,15590.02,921.7,236.61,220.65,148.33,12.47,794.97,897.98
"2013.09",1425.53,6451.32,164.15,1161.17,1216.45,2275.16,3386.23,24201.81,2776.97,470.6,452.4,1165.62,5710.41,1000.38,77.35,360.7,4898.51,526.37,527.39,1665.05,659.07,5184.42,16469.99,938.98,230.24,220.41,145.71,12.46,815.52,912.57
"2013.10",1426.2,6880.84,160.51,1169.34,1412.9,2234.45,3397.06,22214.82,2731.55,469.12,469.25,1174.02,5698.38,1042.24,76.54,352.63,4824.93,476.04,550.54,1651.21,646.9,5084.55,15650.3,871.01,233.87,222.21,143.77,12.53,833.69,902.28
"2013.11",1388.89,7473.43,149.46,1077.77,1387.68,2167.88,3355.05,21187.26,2642.04,436.69,442.39,1104.9,5738.01,1049.79,73.11,357.18,4415.66,486.19,548.94,1667.72,626.95,5297.46,14869.82,800.65,227.49,212.14,136.82,11.57,792.89,837.5
"2013.12",1320.24,7124.44,141.96,1071.44,1325.26,2057.97,3181.79,21426.76,2560,408.73,436.11,1033.12,5292.5,1057.45,72.52,335.07,4024.85,471.18,550.77,1668.79,636.32,5550.17,14768.94,768.72,219.96,200.32,133.56,11.72,779.21,780.8
"2014.01",1360.45,7267.14,146.31,1122.86,1423.04,2051.67,3451.84,21471.53,2433.5,423.15,434.76,1104.31,5269.95,1127.8,77.68,334.46,3994.39,472.03,580.18,1766.21,691.55,5444.97,15157.22,831.37,230.45,215.15,137.39,11.34,824.55,761.8
"2014.02",1401.13,7629.98,140.08,1277.72,1433.87,2144.92,3624.95,22654.13,2484.58,411.37,469.83,1126.21,5448.39,1087.16,84.27,336.47,3977.58,478.14,589.91,1868.06,719.36,5594.52,14291.71,963.3,239.2,219.78,139.75,11.4,811.51,767.21
"2014.03",1422.13,7940.9,150.65,1262.98,1649.09,2160.74,3476.35,22894.22,2582.81,426.68,502.66,1181.68,5725.7,1116.61,85.61,344.6,4151.8,509.4,653.58,1909.18,671.19,5385.27,15557.94,989.68,248.54,226.75,142.91,11.68,843.42,785.59
"2014.04",1480.85,7830.44,157.4,1366.07,1785.98,2266.82,3753.51,25783.64,2544.25,444.13,538.89,1189.64,5783.4,1089.97,79.54,356.32,4095.08,499.53,728.9,1936.21,695.54,5561.68,15314.14,988.39,251.14,239.68,153.96,12.58,862.98,808.47
"2014.05",1482.87,7775.51,157.32,1804.86,2072.92,2265.7,3740.59,27175.22,2420.08,435.53,552.79,1168.46,5922.91,1146.65,78.69,352.89,4054.31,518.46,715.68,1945.6,626.63,5320.04,17459.42,959.29,238.75,232.08,143.6,12.43,824.61,718.88
"2014.06",1463.59,7754.48,158.65,2110.39,2028.72,2243.9,3619.09,27537.05,2385.19,427.98,524.17,1158.89,5955.97,1229.49,79.71,357.89,4371.73,515.13,671.3,1937.38,614.04,5326.79,19672.56,986.83,222.78,229.45,134.92,12.56,796.96,671.4
"2014.07",1440.1,7765.81,172.36,2267.36,2036.06,2205.8,3453.89,25928.49,2372.71,422.07,484.03,1196.64,6027.36,1244.41,84.39,373.42,4275.17,558.37,611.55,2010.05,632.84,5586.36,20855.11,1086.69,221.57,245.82,133.18,14.5,756.66,645.16
"2014.08",1523.88,8369.65,167.67,2900.96,2777.07,2289.74,3707.67,28239.5,2303.13,431.08,473.29,1269.04,6561.13,1314.18,93.67,394.39,4647.89,606.19,710.17,2107.21,654,5714.8,23850.61,1282.73,227.52,255.31,137.3,13.88,795.75,662.84
"2014.09",1551.31,8357.4,186.18,2954.22,2410.55,2332.41,4016.91,26752.52,2259.93,417.2,487.26,1352.48,6324.57,1438.19,89.31,435.42,4639.93,586.27,666.99,1982.59,816.85,5183.6,22937.41,1462.45,251.01,263.54,131.63,14.27,745.21,637.32
"2014.10",1516.93,7767.06,186.64,2884.08,2650.08,2258.09,3980.51,25776.53,2112.83,408.39,497.25,1437.15,5702.07,1463.31,86.39,413.65,4065.32,634.93,610.29,1914.14,796.81,4305.12,22036.22,1509.82,245.45,264.46,130.2,14.07,762.13,592.78
"2014.11",1453.89,7526,173.93,2723.66,2442.06,2195.48,3706.64,24983.9,2097.16,413.96,469.6,1373.21,5353.24,1431.62,81.85,407.13,4292.65,660.23,595.49,1850.82,740.66,4364.45,22344.93,1362.51,232.21,248.33,134,13.16,765.52,630.59
"2014.12",1440.78,7517.81,160.37,2640.2,2668.16,2136.63,3746.61,25017.56,2010.75,410.45,481.81,1372.23,4997.36,1446.23,82.93,414.88,4191.78,679.53,532.56,1800.45,736.1,4478.16,19066.35,1380.53,245.29,252.86,148.89,14.56,797.19,650.43
"2015.01",1551,7817.42,204.47,3090.92,2885.69,2387.82,4152.83,26536.55,2000.73,424.87,527.72,1538.48,5102.5,1401.27,88.84,448.2,4494.62,713.68,585.35,1963.64,752.13,4242.61,23410.8,1662.99,273.34,267.12,162.47,16.27,842.23,701.01
"2015.02",1726.21,8405.13,252.13,3744.34,3200.64,2564.56,4944.27,29728,2184.42,453.98,599.58,1543.74,5317.08,1463.76,100.33,486.97,4684.94,728.06,543.73,2076.96,781.25,4833.16,21125.85,1496.1,276.34,273.77,167.43,15.99,902.03,770.14
"2015.03",1811.49,9173.32,244.28,5409.48,2955.62,2855.01,5184.48,32478.35,2168.99,475.26,626.97,1528.74,5408.73,1420.36,108.85,522.8,4787.35,764.11,605.26,2228.57,804.51,4929.99,19226.96,1594.55,284.75,285.53,167.12,16.81,923.86,802.66
"2015.04",2002.14,9963.7,292.66,6109.05,3409.93,3019.61,6119.22,36871.24,2284.12,482.63,687.18,1582.22,5635.04,1639.21,110.92,592.76,4895.17,799.75,632.75,2250.42,901.68,5265.56,18194.88,1634.62,313.89,304.98,171.3,16.91,959.57,752.13
"2015.05",2116.21,10539.37,433.77,6963.04,3596.03,3611.98,6274.65,34200.75,2153.22,522.34,706.7,1720.94,5826.87,1878.91,123.18,606.77,5040.85,788.59,699.97,2343.54,891.47,5515.72,19527.69,1472.11,315.57,300.07,170.97,17.72,995.21,721.45
"2015.06",2268.71,12437.24,376.31,7312.94,4634.75,3576.61,7046.29,33902.93,2144.24,521.87,689.86,2050.63,5902.02,2005.92,126.4,645.39,4728.69,882.06,657.17,2632.28,812.52,5606.34,20823.78,1430.34,328.56,299.32,178.37,18.71,987.93,703.73
"2015.07",2151.3,11241.74,378.48,8571.32,5018.48,3206,6672.51,32955.55,2083.54,487.42,695.56,1959.64,5374.61,1969.63,115.37,656.94,4912.22,846.24,673.56,2675.48,1063.95,5362.81,20435.72,1534.96,335.17,305.39,176.34,18.03,940.36,683.77
"2015.08",2006.66,10387.5,347.6,6853.87,5249.61,2846.8,6117.56,31611.38,1999.98,481.69,644.43,1858.6,5129.01,1787.85,110.04,643.95,4599.91,779.38,653.41,2527.05,1025.18,5609.39,21990.88,1400.02,314.66,281.58,165.67,16.13,866.65,646.72
"2015.09",1958.12,10093.93,366.37,7097.41,4539.97,2803.71,5703,31583.12,2058.31,486.13,666.98,1865.51,5427.08,1813.95,105.11,607.92,5303.09,764.19,640.18,2368.2,1159.59,5782.53,20747.74,1403.24,334.23,303.06,172.68,17.76,850.96,693.72
"2015.10",2016.02,10280.13,437.01,7127.36,4517.78,2702.42,5986.63,34109.54,2124.95,489.96,715.48,1969.46,5369.43,1777.86,108.12,596.59,5461.86,768.96,648.64,2441.04,1123.53,5361.57,19204.32,1416.31,311.28,295.71,181.06,18.97,861.38,699.96
"2015.11",2080.21,9775.97,366.44,6145.22,4571.64,2678.35,6712.16,32354.28,2102.03,498.03,699.76,1936.68,5193.26,1588.03,104.77,600.31,5594.89,745.54,628.7,2462.94,1193.65,5505.66,19704.25,1248.83,303.77,281.08,181.95,18.01,872.71,697.88
"2015.12",2067.37,9880.15,315.25,6202.85,4749.68,2651.56,6557.38,30900.32,2141.46,491.7,692.04,2034.08,5413.48,1528.18,104.49,569.73,5323.01,751.8,588.9,2446.76,1020.17,5401.94,18878.97,1227.6,308.68,278.25,175.94,18.57,919.55,700.21
"2016.01",2163.42,10269.35,354.64,5834.69,4433.16,2519.67,7502.25,27501.39,1996.52,486.85,643.53,2196.44,5065.62,1422.69,87.06,558.27,4880.43,721.46,546.59,2477.25,1020.69,5644.44,17866.54,1192.19,289.13,274.33,165.69,18,885.2,670.24
"2016.02",2038.74,9819.17,281.74,6445,4783.63,2323.82,6741.97,27759.95,2045.74,496.8,619.74,2101.76,4936.69,1461.32,84.92,517.16,4744.78,752.46,510.51,2210.38,967.54,5242.14,15727.65,1128.51,273.98,272.38,162.57,18.9,940.08,686.7
"2016.03",2200.92,10466.7,625.99,6923.55,4480.77,2572.95,7126.69,30008.65,2263.94,508.48,650.76,2124.1,5283.09,1784.33,91.12,539.56,5161.71,773.65,556.21,2368.9,952.4,5018.26,16265.15,1169.04,279.31,322.15,166.54,21.33,936.2,726.43
"2016.04",2213.37,10764.1,589.42,6822.59,4488.61,2681.3,6941.82,33038.59,2378.26,538.34,691.68,2091.54,5409.42,1875.53,92.32,544.88,5186.01,776.46,583.37,2345.86,987.54,5152.39,16235.74,1150.82,289.61,373.2,173.7,20.88,1002.85,742.67
"2016.05",2224.84,11464.81,566.96,6458.05,4450.55,2566.36,7167.09,31767.63,2340,523.7,667.76,2091.53,5538.91,1868.18,89.6,554.07,5600.71,825.56,578.95,2388.33,993.25,5382.7,16511.7,1151.87,274.23,352.89,161.81,21.55,976.63,716.63
"2016.06",2133.21,11003.79,275.76,6391.26,4225.51,2617.47,6942.35,30167.62,2298.81,518.18,645.45,2061.74,5385.08,1762.24,91.91,537.04,5285.12,874.91,540.21,2395.17,1053.72,4962.38,15093.72,1111.3,264.69,354.73,156.79,20.05,963.92,696.45
"2016.07",2224.98,10712,214.75,6905.47,4596.31,2821.47,7142.2,31172.99,2456.81,568.53,667.71,2182.07,5728.94,1850.69,98.91,546.33,5688.3,887.47,541.09,2368.71,999.26,4997.53,14904.67,1136.41,284.38,372.85,174.8,21.78,1098.34,751.68
"2016.08",2126.94,9983.49,197.66,6146.53,4271.1,2716.9,6889.95,30041.24,2465.45,544.97,625.56,1989.56,5496.38,1660.98,93.6,496.63,5742,812.34,487.21,2135.64,975.94,4854.17,13399.36,1005.42,267.78,348.12,180.68,20.13,1000.78,724.73
"2016.09",2198.85,10404.23,239.8,6456.17,4356.58,2838.9,6984.83,30156.4,2701.47,571.86,655.94,2017.65,5724.4,1716.04,96.42,516.49,6161.46,840.14,486.68,2174.07,981.92,5172.29,13487.08,984.85,267.25,350.74,185.44,19.42,1029.89,739.32
"2016.10",2017.54,9452.46,190.95,6562.85,3819.79,2646.45,6302.52,28307.73,2483.9,554.77,603.95,1826.61,5359.2,1699.86,88.96,462.04,5678.68,786.4,453.62,1915.44,913.75,4972.3,12631.01,909.09,246.18,315.54,163.42,17.36,964.18,669.67
"2016.11",1910.85,9363.7,192.86,6570.67,4165.81,2420.19,5853.03,28069.93,2331,535.91,591.62,1739.78,4951.13,1675.57,86.39,426.23,5518.5,798.87,413.04,1885.28,856.35,4464.06,12734.8,825.69,235.71,307.82,161.82,18.37,938.89,643.34
"2016.12",2028.01,9871.34,223.32,6742.08,4379.84,2548.48,6292.03,28706.64,2347.31,596.26,628.55,1796.15,5143.55,1642.37,89.38,442.11,5596.54,867.93,416.36,1935.9,925.43,4984.42,12634.83,866.19,241.27,322.86,162.78,18.06,1044.06,712.96
"2017.01",1940.7,9473.92,195.84,6548.19,4322.51,2441.36,5860.58,28781.48,2222.67,601.26,616.7,1734.83,5032.27,1571.59,86.64,434.19,5748.92,809.79,393.43,1864.58,879.41,5530.98,12889.24,861,239.12,314.83,158.88,16.78,1042.5,726.71
"2017.02",1942.24,9533.79,147.85,6388.67,4513.06,2387.97,6039.22,29112.63,2166.73,580.7,620.4,1686.19,5132.34,1558.85,87.08,420.82,5177.79,827.39,408.23,1840.67,872.94,5570.24,13822.53,963.9,238.51,309.77,147.63,16.07,977.29,692.54
"2017.03",1925.25,9216.64,153.8,6243.09,4901.77,2356.34,5828.83,30522.51,2175.33,597.44,643.85,1648.88,5072.05,1572.37,90,418.93,5283.6,905.8,389.73,1890.29,888.54,5981.73,13609.56,964.11,279.25,336.98,152.67,16.72,984.05,713.64
"2017.04",1971.26,9751.02,159.69,6312.22,4851.49,2438.05,6003.27,30370.73,2214.23,616.55,638.66,1718.08,4958.94,1578.09,88.8,410.04,4947.88,828.11,411.25,1891.51,914.44,5558.79,14653.13,1027.6,251.76,308.56,156.23,16.71,1043.51,718.51
"2017.05",2050.58,9750.33,161.64,6366.43,4657.18,2589.91,6345.39,32104.55,2305.19,650.05,652.31,1692.03,5226.55,1510.82,94.66,435.39,4761.38,840.26,452.54,1987.97,878.11,5621.36,15884.74,993.15,244.15,314.41,157.28,17.05,1119.22,732.7
"2017.06",2123.41,9626.29,154.76,6358.54,4940.04,2573.55,6808.68,32465.51,2310,674.15,669.15,1665.88,5466.44,1523.62,92.75,428.98,4623.48,855.76,426.19,2092.54,928.39,5555.08,16167.35,1000.35,237.99,311.07,159.83,17.74,1164.12,766.78
"2017.07",2047.39,9323.4,140.57,6318.63,4923.96,2442.42,6503.45,35317.84,2191.49,645.54,643.39,1664.49,5280.15,1425.28,90.76,411.45,4640.44,820.54,409,2091.33,918.9,5566.93,15273.08,941.91,237.87,302.14,148.05,16.6,1154.17,767.45
"2017.08",2072.09,9127.83,158.09,6319.48,4791.92,2439.86,6696.05,42652.58,2144.63,631.55,645.7,1697.9,4964.12,1420.48,93.58,399.76,4615.21,809.66,402.45,2157.04,879.94,5597.77,14937.22,922.73,244.59,310.03,151.19,16.28,1169.94,812.51
"2017.09",2054.8,8450.88,140.28,6230.57,5028.48,2340.81,7076.12,38026.84,1963.58,605.88,602.43,1578.58,4935.9,1314.53,86.95,411.95,4326.05,772.26,389.51,2316.21,804.08,5506.65,14009.45,1000.38,227.34,290.43,137.01,15.35,1151.24,798.3
"2017.10",2217.68,9486.15,140.42,6309.72,5729.09,2538.56,7991.04,37226.36,2065.26,608.08,616.75,1602.57,5076.41,1433.49,88.11,434.87,4586.7,770.57,459.47,2664.52,821.13,5716.18,13801.38,1065.77,236,292.78,147.64,15.84,1180.03,792.16
"2017.11",2441.86,10929.6,152.47,6508.06,5861.9,2765.61,9128.85,42143.3,2067.53,648.08,664.96,1634.25,5625.08,1466.49,86.14,559.86,4575.98,812.49,499.04,3347.81,855.17,5945.52,14690.27,1135.89,246.03,315.66,172.81,16.52,1248.7,863.63
"2017.12",2544.34,11171.49,144.12,6170.12,5989.3,2663.5,10024.99,44704.92,2077.49,634.73,682.25,1673.5,5474.45,1456.18,84.53,641.94,4274.8,827.62,481.72,3255.42,910.75,6403.56,14610.01,1269.92,253.1,312.5,187.46,15.89,1260.47,836.29
"2018.01",3067.21,12989.57,163.62,7326.27,6700.43,2824.29,13145.16,51925.28,2326.8,680.97,761.07,1875.54,6336.04,1535.39,92.04,773.93,4487.19,955.12,527.2,3891.09,965.89,6209.68,16169.02,1351.11,297.77,434.45,197.95,18.34,1224.86,843.19
"2018.02",2824.22,12738.47,157.78,7433.2,6506.87,2657.64,11607.95,48173.72,2312.12,658.26,714.99,1763.22,6044.03,1506.16,90.52,694.68,4416.38,919.44,505.42,3739.39,912.21,5850.88,15753.82,1315.49,283.67,464.9,180.14,17.61,1197.11,790.8
"2018.03",2947.52,12229.52,171.93,7626.97,6483.42,2823.61,12367.26,50478.97,2275.11,657.6,731.98,1856.53,6826.73,1630.67,91.92,645.71,4011.3,875.49,565.04,3939.51,977.2,5991.35,18655.9,1346.41,294.02,406.19,180.58,17.47,1134.01,792.73
"2018.04",3041.73,13557.65,192.8,7879.2,5687.4,2899.31,12203.07,50018.5,2514.97,673.74,785.39,1867.45,8462.36,1618.66,104.96,591.34,4615.13,883.11,544.04,3764.81,1009.8,5919.2,19560.97,1344.3,294.74,391.34,184.76,17.81,1106.65,849.05
"2018.05",2991.95,12955.37,189.49,7919.33,5723.64,2832.07,11440.97,59867.17,2499.55,668.25,856.88,1678.93,9008.29,1501.56,105.18,620.48,5100.61,850.59,595.63,3758.04,1000.76,5895.04,22775.5,1316.43,280.45,385.31,172.83,18.88,1156.31,896.09
"2018.06",2729.91,11137.07,169.5,7116.95,5686,2693.78,10571.35,52584.37,2120.03,637.53,763.28,1569.36,7635.53,1361.82,90.05,648.17,4597.61,775.6,583.49,3422.27,876.63,6718.2,22768.82,1198.38,268.55,353.71,155.79,16.17,1056.21,798.09
"2018.07",2588.57,10258.97,164.06,6827.45,5468.87,2531.7,9849.8,54424.19,2058.65,642.11,774.64,1526.19,6359.58,1202.51,88.92,567.53,4514.62,746.02,521.81,2989.59,896,5910.05,21081.66,1123.22,257.92,356.87,159.4,16.72,1072.61,842.81
"2018.08",2741.04,10215.47,163.1,7283.87,5668.54,2604.43,10922.71,60810.13,2073.93,622.27,775.2,1575.02,7491.83,1255.66,88.68,573.03,4400.8,748.1,607.2,3472.7,915.67,6350.01,21735.56,1182.99,266.55,377.23,168.12,17.78,1055.78,858.98
"2018.09",2808.11,11234.23,158.6,7327.56,5499.1,2532.44,11300.42,69188.92,2226.45,599.94,786.99,1531.29,7985.66,1285.46,87.62,575.54,4324.07,731.61,640.83,3861,901.26,6254.89,20570.25,1089.72,255.71,354.35,162.56,17.03,1006.51,816.66
"2018.10",2167.63,9268.35,124.77,6019.21,3932.42,1878.15,8321.64,60192.52,1766.4,495.96,618.06,1190.95,5932.81,991.59,68.99,416.27,3479.84,589.83,517.53,2919.19,791.95,5718.26,15987.77,921.51,195.35,283.74,130.25,13.38,860.65,678.17
"2018.11",2320.15,9645.26,129.19,6313.06,4410.78,2046.61,9214.81,64122.87,1818.98,501.4,687,1276.08,6080.2,1136.78,75.78,486.44,3707.84,628.99,604.58,3114.57,786.33,5900.23,15910.12,969.05,212.66,303.28,142.14,14.13,865.67,710.53
"2018.12",2257.37,9640.01,126.15,6670.96,4106.62,1960.88,9010.83,60301.58,1779.98,486.65,673.29,1210.46,5993.69,1174.85,74.27,470.27,3597.79,612.71,597.23,3157.75,745.36,5241.58,16124.24,948.81,207.02,289.91,138.4,13.29,794.71,696.73
"2019.01",2382.03,10297.53,135.71,6771.09,4671.72,2088.81,9055.8,61652.48,2050.47,552.25,735.98,1261.05,6294.83,1303.79,84.23,481.82,4036.35,651.49,619.01,3298.15,769.34,5587.98,16456.04,992.61,216.85,299.95,145.38,14.25,904.48,768.15
"2019.02",2448.54,10260.51,131.64,6867.17,4804.54,2136.31,9699.51,64758.41,1883.77,551.26,721.77,1298.19,6639.29,1247.89,80.81,464.88,3862.74,671.28,606.8,3415.04,778.47,5997.24,17578.39,1010.25,221.07,327.07,144.58,15.23,936.25,772.36
"2019.03",2457.08,10610.85,143.65,7524.43,4640.07,2187.53,9699.3,59660.35,1897.37,552,760.2,1351.31,6233.95,1331.72,80.01,454.42,3732.31,685.2,566.55,3449.68,772.44,5882.36,17950.19,956.89,221.55,312.62,144.94,15.51,958.79,773.28
"2019.04",2512.18,11315.58,153.5,8391.89,4835.29,2297.98,9620.08,56507.12,1909.44,568.85,773.25,1474.34,6457.45,1517,82.41,493.7,3966.42,738.84,575.06,3447.27,843.45,5607.15,17284.44,967.77,238.5,337.97,166.53,15.26,1028.66,813.23
"2019.05",2314.25,10652.05,143.33,9189.11,4246.69,2164.82,8609.95,51684.46,1765.74,517.91,731.64,1471.09,5729.5,1472.54,80,413.26,3636.99,717.71,510.04,3054.67,813.51,5026.92,15456.5,952.81,230.81,341.34,193.87,14.99,936.87,769.08
"2019.06",2252.39,10165.38,143.06,9422.08,4462.38,2215.2,8017.48,53169.82,1796.57,522.06,757.75,1476.2,4982.81,1450.9,82.46,417.78,3794.48,748.25,500.68,2768.47,802.59,4843.53,15413.31,962.49,246.92,348.51,197.96,15.54,968.25,815.46
"2019.07",2037.09,9088.54,132.6,10531.7,3873.97,2067.87,7171.51,48222.55,1575.36,477.4,680.91,1358.56,4338.89,1233.06,72.17,362.5,3317.3,660.78,445.72,2631.71,790.96,4502.44,14904.79,867.88,213.93,322.46,191.37,14.63,934.71,733.84
"2019.08",1990.71,9167.27,127.94,11002.22,3606.67,2059.47,6696.33,46846.83,1545.28,466.08,685.9,1274.14,4812.18,1323.49,70.03,347.08,3190.71,628.22,420.7,2354.2,777.15,4389.52,15380.21,888.79,211.98,263.22,201.75,14.14,915.28,709.26
"2019.09",2029.94,9907.28,132.31,10509.41,3591.84,2073.02,6662.97,48851.31,1585.3,485.08,710.98,1273.38,5169.42,1223.87,72.38,373.3,3288.65,628.62,465.26,2094.06,787.5,4576.66,15178.93,884.88,214.82,283.08,212.14,14.07,966,718.53
"2019.10",2190.53,8871.44,134.66,11049.26,3798.8,2170.15,7144.15,49607.52,1519.37,510.29,725.67,1307.98,8116.52,1175.18,70.89,388.72,3326.87,625.88,482.61,2528.43,748.76,4455.21,15138.36,926.5,217.48,274.79,202.08,13.46,1003.73,751.45
"2019.11",2105.05,8654.16,129.78,11585.64,3593.87,2086.63,7117.56,50070.23,1500.75,493.28,706.07,1317.24,6520.5,1105.5,73.66,365.29,3399.22,602.97,486.6,2389.78,705.56,4216.02,14309.61,874.41,215.73,259.16,182.91,13.26,980.29,733.71
"2019.12",2211.65,8809.34,133.45,10794.6,3616.5,2207.08,7644.59,52148.09,1509.03,540.86,750.44,1360.15,6563.1,1099.27,75.55,389.49,3213.43,621.13,493.55,2607.18,708.27,4365.77,14813.3,880.75,214.89,265.8,190.7,13.52,1118.83,788.37
"2020.01",2105.28,8464.89,149.54,10202.25,3438.99,2284.28,7167.4,46882.1,1491.23,498.59,709.74,1315.88,5879.6,1045.64,69.04,393.79,2777.28,608.91,471.3,2375.83,708.33,3861.2,14636.64,857.32,207.64,270.3,181.72,12.51,1121.13,753.54
"2020.02",2007.41,8136.38,131.46,10016.89,3335.68,2059.81,7003.64,43069.83,1363.82,466.73,741.57,1182.77,5724.23,1030.8,63.16,402.96,2647.04,571.42,427.19,2280.48,673.88,3548.85,12647.52,826.84,196.25,247.48,171.84,11.29,1048.6,701.01
"2020.03",1883.15,6961.3,126.94,8887.44,2964.54,1715.15,8128.99,38085.91,1039.86,379.24,617.02,1091.6,4943.23,862.26,58.82,464.79,2268.38,486.65,373.09,2338.41,575.51,2978.62,12003.57,746.72,175.65,239,161.57,10.15,876.2,562.02
"2020.04",2094.79,8677.89,134.53,10461.09,3366.98,2037.41,8146.14,45720.43,1180.45,450.57,742.47,1252.05,5639.56,991.62,68.77,478.08,2797.56,586.14,439.8,2582.68,728.13,3684.73,15099.02,880.48,220.2,279.91,188.9,12.32,1026.58,664.13
"2020.05",2346.32,9477.46,147.03,11824.39,3602.55,2240.2,9173.87,47508.62,1390.48,503.1,867.48,1387.1,6269.21,1097,71.04,518.28,2701.98,622.26,438.72,3039.71,792.59,3558.29,15993.25,953.49,253.56,281.68,192.73,13.14,1150.15,738.43
"2020.06",2391.17,9400.15,136.57,12608.82,3369.65,2332.94,10002.93,44793.4,1330.23,499.89,857.01,1343.8,5902.1,1099.99,65.16,575.85,2437.72,640.1,443.6,3226.34,715.15,3265.51,15381.48,1060.25,245.77,255.86,206.91,13.07,1221.76,749.04
"2020.07",2675.96,9707.67,140.45,14723.16,3712.49,2562.69,12061.14,50597.49,1509.47,532.71,910.9,1526.52,5805.9,1043.15,70.84,542.25,2651.14,679,477.51,3622.57,712.04,3420.76,16138.65,1122.99,270.53,272.94,236.61,16.52,1446.28,862.43
"2020.08",2793.59,9675.11,147.4,13970.87,4055.64,2759.35,13014.3,48676.31,1574.65,548.66,906.33,1474.22,6033.65,1027.69,71.63,559.36,2735.24,679.69,483.57,4128.83,717.27,3687.37,18671.32,1190.31,282.67,282.77,267.57,17.66,1359,860.91
"2020.09",2837.12,9441.27,136.23,13877.1,4914.81,2740.9,12618.05,55727.52,1682.42,587.75,915.04,1518.92,6841.38,1122.34,75.5,517.89,2949.98,700.66,525.22,3946.82,716.3,4205.35,19104.14,1145.27,276.69,285.9,264.43,16.85,1391.84,859.78
"2020.10",2661.83,8827.39,135.48,12335.32,4356.05,2576.77,11769.26,53516.49,1623.26,557.59,830.75,1473.05,6481.15,1052,72.9,498.59,3230.04,737.86,447.91,3645.85,694.08,4224.5,17701.97,1034.01,265.67,282.25,218.71,15.91,1306.13,808.59
"2020.11",2934.1,9549.74,142.46,14896.52,4838.93,2871.18,12815.44,56752.8,1827.06,635.15,944.67,1598.01,6857.17,1254.13,78.5,633.68,3762.06,855.59,489.59,4008.83,811.32,4342.5,18862.82,1120.96,284.77,293.52,258.62,16.5,1491.1,892.83
"2020.12",3144.49,9778.52,138.4,16042.69,5010.06,3123.32,14040.39,57488.13,1889.16,662.15,1023.22,1726.36,7113.59,1381.44,87.36,781.89,3702.65,886.8,541.5,4409.05,843.39,4354.06,19154.45,1182.23,302.08,289.04,267.73,16.86,1709.75,972.54
"2021.01",2992.6,9553.57,131.2,16256.4,5467.18,3084.17,12194.07,55521.88,1810.11,662.43,1038,1715.55,7305.83,1402.59,86.85,714.84,3655.17,854.41,556.45,3918.77,850.66,4509.55,19728.7,1251.27,289.45,268.9,254.96,16.39,1699.5,975.98
"2021.02",2905.74,9661.62,128.68,14939.71,5668.87,3295.49,11394.74,59611.91,1834.14,648.42,974.33,1705.85,6582.62,1438.52,89.09,663.34,3820.63,881.92,560.91,3791.23,956.44,4350.09,19644.98,1276.46,305.59,280.05,241.57,17.36,1741.79,974.56
"2021.03",2997.04,10773.28,141.2,16754.1,6138.13,3307.52,11549.24,69300.05,2073.01,656.33,978.83,1753.39,6975.46,1441.03,95.47,711.66,4213.77,1117.89,600.3,3940.84,1052.31,4588.08,20507,1437.74,313.87,298.91,247.31,19.18,1776.46,1000.88
"2021.04",3199.98,10991.11,145.39,20585.61,6270.5,3544.23,12594.4,74788.58,2325.82,685.49,1026.31,1940.73,6681.88,1567.52,104.68,652.38,5169.82,1167.56,597.82,3964.76,1001.75,4584.54,20101.69,1389.76,316.32,298.68,231.46,20.38,1847.43,1072.38
"2021.05",3141.41,11170.2,153.8,19654.3,6231.63,3437.14,12153.24,71687.52,2370.63,669.41,1002.03,1911.68,6965.86,1553.66,110.84,698.81,5411.86,1248.52,642.17,3966.49,1010.02,5117.08,20520.85,1386.78,319.43,311.42,228.52,19.7,1797.62,1022.88
"2021.06",3334.51,11593.94,163.02,20745.21,6499.31,3568.7,13359.22,78610.5,2423.8,680.5,1098.46,2032.04,7117.65,1562.15,118.53,695.86,5612.98,1186.03,661.59,4126.19,1053.52,5587.69,21296.42,1466.34,346.28,340.59,239.98,20.54,1903.75,1058.57
"2021.07",3332.65,11304.23,163.59,20127.64,6431.95,3751.84,12741.7,73795.51,2314.78,675.49,1209.22,2147.16,7057.95,1546.63,114.31,664.72,5691.63,1164.5,664.76,3990.31,1014.67,5067.94,22115.94,1595.2,362.8,330.72,233.8,19.45,1924.89,1109.57
"2021.08",3363.63,10426.9,156.72,19558.54,5638.37,3735.5,13182.23,71002.37,2290.64,641.56,1234.03,2158.02,8199.01,1512.07,111.33,715.06,5733.77,1134.21,677.6,4030.75,928.65,4955,22130.86,1629.82,348.34,310.18,215.4,17.9,1891.5,1169.5
"2021.09",3305.39,10086.74,151.67,21909.63,5207.99,3635.82,12472.2,68783.83,2330.34,620.87,1437.11,1961.25,8154.36,1500.86,106.26,658.19,5998.97,1061.59,694.44,3740.59,897.7,4853.16,19882.38,1570.14,321.49,306.73,203.13,16.61,1765.29,1231.98
"2021.10",3113.56,9804.59,150.1,19999.25,5600.2,3543.01,11287.48,66846.79,2228.28,608.96,1333.68,1929.8,7282.38,1461.52,104.75,562.56,5968.29,1112.81,796.11,3563.92,903.05,5386.53,19208.72,2076.77,337.45,294.22,200.73,15.84,1782.86,1262.3
"2021.11",2943.35,8444.43,147.38,22812.8,5429.74,3435.4,10588.97,59649.28,1897.73,553.4,1451.68,1763.16,6246.96,1319.17,89.98,521.27,5319.22,962.5,803.29,3267.19,824,4098.89,16756.75,2492.82,342.01,265.63,212.75,14.23,1777.4,1286.55
"2021.12",3130.2,9122.6,146.72,21826.78,6016.82,3567.51,11150.84,64567.13,2079.97,631.72,1483.64,1953.42,6519.11,1467.35,99.43,548.75,5740.62,1016.93,811.04,3479.93,938.25,4352.72,17955.82,2551.04,374.25,289.57,222.61,15.9,2063.31,1379.37
"2022.01",2710.75,8490.86,133.87,16688.83,4916.23,3031.92,9512.61,59052.16,1886.22,587.14,1151.35,1778.08,5914.06,1382.39,91.18,454.03,5471.51,927.89,659.28,2911.35,835.58,3789.72,15693.61,1812.14,298.94,275.57,181.88,14.69,1835.96,1170.33
"2022.02",2758.31,9051.86,142.45,17242.8,4871.9,3162.04,9347.36,59489.31,1999.55,590.44,1215.43,1831.54,5915.26,1369.1,91.65,466.41,5508.11,978.65,741.71,2887.42,841.39,4043.29,15904.41,1810.59,286.77,282.37,181.42,14.11,1749.15,1206.22
"2022.03",2940.77,10776.56,148.53,18656.42,4999.03,3379.75,9891.5,65809.31,2225.71,623.81,1286.04,1949.52,6087.46,1445.19,107.19,493.53,6284.91,1034.94,805.87,3049.36,894.46,4310.12,17065.7,1895.72,327.49,313.1,206.08,14.7,1874.43,1299.46
"2022.04",2905.58,12013.6,144.35,18765.28,4253.9,3300.69,9346.52,68217.94,2257.87,611.9,1360.76,1909.79,6069.92,1458.21,103.55,484.47,6499.28,1026.05,720.37,2881.19,862.88,4141.6,16300.86,1512.38,291.95,304.53,191.15,14.04,1840.28,1277.97
"2022.05",2900.57,11559.22,134.79,18251.55,4005.81,3223.8,9104.01,65563.39,2219.06,623.42,1402.98,1859.62,6952.28,1469.64,98.29,463.18,7221.07,947.53,690.25,2879.31,865.55,3925.81,15546.93,1477.39,273.97,301.67,188.08,13.47,1792.17,1346.47
"2022.06",2455.51,9686.03,117.31,14140.54,3078.58,2578.1,7779.97,53258.06,1997.9,549.08,1193.49,1602.81,5657.72,1281.75,84.34,457.33,6826.96,797.09,553.17,2518.05,697.19,3116.73,12773.78,1138.76,215.79,242.67,143.98,11.67,1389.58,1091
"2022.07",2648.07,9861.05,127.14,15095.93,3555.96,2817.46,8625.78,55254.26,2082.22,562.57,1281.98,1738.09,6331.98,1334.87,87.33,474.49,6916.87,839.72,629.01,2694.77,784.96,3364.78,13452.53,1245.06,235.54,264.01,163.62,12.36,1475.36,1199.28
"2022.08",2691.79,9147.9,118.41,15172.8,3522.73,3047.15,8378.74,55865.54,2317.95,588.05,1301.38,1698.16,6866.87,1321.88,90.27,469.39,7335.79,831.96,639.09,2672.26,786.21,3311.28,13072.58,1258.29,229.48,252.51,157.64,12.63,1443.63,1224.78
"2022.09",2248.9,7873.54,96.17,13107.9,3521.89,2536.6,6833.7,43125.44,2006.61,483.48,1059.29,1476.97,5903.5,1118.23,72.09,418.33,6560.02,685.85,567.65,2203.63,736.37,2806.37,10935.49,1035.51,185.26,210.55,128.6,10.86,1165.15,1003.1
"2022.10",2353.03,7274.12,99.03,14412.83,3925.71,2690.73,6930.78,48247.88,1983.46,500.96,1254.55,1512.97,5945.96,1118.84,73.31,426.47,7197.52,738.74,542.57,2186.36,740.42,2736.45,11263.21,994.85,191.23,207.34,124.51,10.77,1261.19,1075.99
"2022.11",2460.1,7439.83,106.48,14694.11,3754.49,2771.45,7240.66,52889.04,2259.61,541.03,1310.15,1586.97,5666.59,1305.33,79.67,428.98,7775.54,764.93,630.12,2236.94,789.39,3032.23,11760.36,1016.52,202.79,214.13,138.28,10.69,1351.67,1123.58
"2022.12",2285.97,6894.89,104.19,11924.56,3488.07,2561.38,7263.8,46333.76,2042.49,475.67,1101.61,1655.71,5053.37,1115.59,69.83,408.82,7841.91,691.82,645.66,2140.04,708.91,3327.2,10370.66,983.55,191.68,200.61,137.02,10.04,1213.26,949.15
"2023.01",2450.61,7268.25,106.87,12558.96,4054.72,2736.54,7345.77,50047.41,2124.01,559.56,1191.47,1829.23,5452.93,1180.11,75.02,434.62,8419.68,769.63,687.92,2199.81,778.61,3494.71,11793.77,1099.57,255.33,228.31,144.47,11.6,1348.75,1058.44
"2023.02",2646.72,7501.26,100.24,12907.85,4043.22,2959.92,7603.88,48102.9,2150.68,576.89,1587.1,1943.1,5650.39,1289.88,72.15,421.76,8515,1108.3,727.57,2197.47,834.8,3314.83,11166.46,1157.64,277.87,239.33,144.75,11.66,1417.32,1186.23
"2023.03",2916.33,8369.67,98.63,11689.91,3733.21,3210.69,7881.17,49294.53,2653.9,651.64,1997.4,1985.05,5755.54,1507.23,78.29,436.39,8827.85,1534.49,657.69,2218.76,746.44,2992.21,10302.64,1086.12,254.69,227.96,142.05,11.55,1584.4,1339.1
"2023.04",2934.19,8599.18,97.4,10631.53,3455,3016.85,7989.57,47362.82,2712.24,601.28,2200.79,2019.7,6058.6,1388.81,76.27,433.34,4374.12,1899.01,685.35,2267.83,680.97,2774.04,10049.28,1054.13,235.92,217.44,127.22,11.34,1464.79,1250.76
"2023.05",2961.39,8403.49,96.22,10598.99,3349.82,3084.2,8110.04,49645.29,2747.85,614.4,2164.99,2085.7,6352.62,1324.17,78.14,458.49,3524.98,1579.04,750.46,2321.79,683.5,2712.58,9814.81,1060.37,249.38,232.17,127.81,11.35,1617.55,1301.83
"2023.06",2984.96,8044.04,94.15,9657.8,3090.05,3201.24,7789.03,52367.38,2801.23,633.84,2163.5,2295.45,6299.32,1416.19,78.03,435.76,3340.45,1934.31,725.31,2249.62,676.18,2438.59,10510.04,982.59,251.61,231.85,125.3,11.23,1742.99,1272.55
"2023.07",3249.42,7236.85,84.21,9553.49,2938.92,3226.2,7800.45,49431.65,2801.99,660.87,2981.04,2315.93,6179.23,1238.97,76.48,418.83,3042.7,2769.78,739.05,2425.05,602.52,2426.32,9607.84,940.65,257,205.88,113.79,10.28,1894.69,1243.35
"2023.08",3116.1,7278.65,88.09,8915.32,3223.23,3169.73,8143.41,49032.26,2615.49,659.22,2478.98,2496.98,5870.9,1163.44,78.09,428.22,2902.52,2874.06,719.93,2832.71,638.29,2321.51,10107.04,877.81,276.87,216.15,119.26,12.16,1788.36,1249.29
"2023.09",2820.21,6809.62,86.2,11399.48,2840.67,2874.47,7803.58,46902.25,2398.65,621.1,2013.86,2308.96,5283.66,1053.2,72.6,404.58,2763.66,2179.66,674.68,2731.29,595.93,2256.07,9762.34,815.15,249.88,202.3,117.73,10.85,1667.2,1146.28
"2023.10",2426.92,6381.82,81.28,11725.56,2529.11,2593.82,6906.38,42472.68,2059.21,513,1621.49,1992.71,4723.36,939.5,67.84,402.49,2587.92,1620.46,591.59,2457.09,565.75,2067.49,9772.75,786.13,206.97,184.53,104.15,9.97,1524.94,1024.26
"2023.11",2726.01,6617.47,81.43,12996.14,2688.8,2764.02,7399.88,46905.77,2123.59,573.82,2100.89,2158.14,5028,959.55,70.43,447.06,2801.95,1888.76,575.36,2809.15,614.48,2643.75,10405.03,830.25,248.25,199.48,109.46,10.66,1851.95,1118.15
"2023.12",2884.57,6913.91,82.04,12232.82,2813.08,2821.82,8427.81,47952.98,2111.66,577.36,2288.53,2143.28,5116.27,992.44,69.29,444.2,2849.03,1724.96,600.97,3241.18,620.83,2611.13,13441.55,854.67,245.15,207.56,111.37,10.95,1898.96,1162.98
"2024.01",2612.33,5705.46,72.35,12512.91,2677,2788.6,8256.03,45897.48,1907.31,525.94,1819.99,1932.57,4574.82,925.24,66.09,426.76,2958.51,1442.37,514.92,2878.9,605.86,2492.74,12703.82,813.75,236.39,225.69,114.24,10.4,1861.29,1124.1
"2024.02",2843.3,5535.3,67.01,13607.41,2680.91,3229.84,8740.8,47322.93,2046.49,550.3,2176.9,1932.2,4795.48,964.14,64.44,442.24,2926.7,1702.06,502.66,3553.88,605.45,2776.44,12373.35,779.6,242.02,234.17,116.55,10.2,1984.65,1152.52
"2024.03",2972.43,5796.26,66.43,12850.91,2580.96,3170.78,10021.84,50263.3,2039.3,581.62,2190.34,1978.05,4712.79,961.19,66.04,454.3,2772.29,1711.11,518.93,3916.81,618.83,2852.46,11940.2,789.15,233.39,221.96,127.4,11.07,2196.04,1202.52
"2024.04",2862.01,5721.3,65.07,12830.73,2417.39,3262.56,9890.66,48147,1964.29,540.53,1982.54,1950.41,4439.91,914.5,67.14,442.88,2755.64,1515.1,482.78,3640.31,610.3,2591.08,12254.73,744.8,223.69,215.36,129.34,11.23,2129.92,1222.58
"2024.05",2703.57,5768.59,60.2,11481.92,2368.66,3446.95,8614.74,47972.54,1963.03,524.4,1764.76,2048.37,4255.52,887.66,71.08,483.05,2847.43,1402.22,478.76,3549.42,585.45,2822.09,12835.83,773.63,217.9,220.63,131.17,10.98,2058.91,1232.88
"2024.06",2669.13,5874.11,52.72,10411.15,2257.15,3297.24,8767.46,51381.43,1966.07,516.13,1700.15,2058.32,4302.73,816.51,68.19,493.59,2997.89,1351.34,451.62,3978.8,564.82,2606.23,15033.58,766.82,207.16,210.29,129.88,10.79,2063.34,1272.94
